-- DESENV-16546
INSERT INTO tb_tipo_param_sist_consignante (TPC_CODIGO, GPS_CODIGO, TPC_DESCRICAO, TPC_DOMINIO, TPC_VLR_DEFAULT, TPC_SUP_CONSULTA, TPC_SUP_ALTERA, TPC_CSE_CONSULTA, TPC_CSE_ALTERA)
VALUES ('860', NULL, 'Caminho completo para o script de dump', 'ALFA', 'N', 'N', 'N', 'N', 'N');


-- INSERT INTO tb_param_sist_consignante (TPC_CODIGO, CSE_CODIGO, PSI_VLR)
-- VALUES ('860', '1', '/caminho_para_diretorio_onde_ficam_os_scripts/dump.sh');


INSERT INTO tb_tipo_param_sist_consignante (TPC_CODIGO, GPS_CODIGO, TPC_DESCRICAO, TPC_DOMINIO, TPC_VLR_DEFAULT, TPC_SUP_CONSULTA, TPC_SUP_ALTERA, TPC_CSE_CONSULTA, TPC_CSE_ALTERA)
VALUES ('861', NULL, 'Caminho completo para o script de restore', 'ALFA', 'N', 'N', 'N', 'N', 'N');


-- INSERT INTO tb_param_sist_consignante (TPC_CODIGO, CSE_CODIGO, PSI_VLR)
-- VALUES ('861', '1', '/caminho_para_diretorio_onde_ficam_os_scripts/restore.sh');


INSERT INTO tb_funcao (FUN_CODIGO, GRF_CODIGO, FUN_DESCRICAO, FUN_PERMITE_BLOQUEIO, FUN_EXIGE_TMO, FUN_AUDITAVEL, FUN_RESTRITA_NCA, FUN_EXIGE_SEGUNDA_SENHA_CSE, FUN_EXIGE_SEGUNDA_SENHA_SUP, FUN_EXIGE_SEGUNDA_SENHA_ORG, FUN_EXIGE_SEGUNDA_SENHA_CSA, FUN_EXIGE_SEGUNDA_SENHA_COR) 
VALUES ('518', '21', 'Exportar de Cópia de Segurança', 'N', 'N', 'S', 'N', 'N', 'N', 'N', 'N', 'N');

INSERT INTO tb_funcao (FUN_CODIGO, GRF_CODIGO, FUN_DESCRICAO, FUN_PERMITE_BLOQUEIO, FUN_EXIGE_TMO, FUN_AUDITAVEL, FUN_RESTRITA_NCA, FUN_EXIGE_SEGUNDA_SENHA_CSE, FUN_EXIGE_SEGUNDA_SENHA_SUP, FUN_EXIGE_SEGUNDA_SENHA_ORG, FUN_EXIGE_SEGUNDA_SENHA_CSA, FUN_EXIGE_SEGUNDA_SENHA_COR) 
VALUES ('519', '21', 'Importar de Cópia de Segurança', 'N', 'N', 'S', 'N', 'N', 'N', 'N', 'N', 'N');


-- INSERT INTO tb_papel_funcao (PAP_CODIGO, FUN_CODIGO) VALUES ('1', '518');
-- INSERT INTO tb_papel_funcao (PAP_CODIGO, FUN_CODIGO) VALUES ('1', '519');

-- INSERT INTO tb_papel_funcao (PAP_CODIGO, FUN_CODIGO) VALUES ('7', '518');
-- INSERT INTO tb_papel_funcao (PAP_CODIGO, FUN_CODIGO) VALUES ('7', '519');
 

INSERT INTO tb_item_menu (ITM_CODIGO, MNU_CODIGO, ITM_CODIGO_PAI, ITM_DESCRICAO, ITM_ATIVO, ITM_SEQUENCIA)
VALUES ('266', '4', '112', 'Cópia de Segurança', 1, 99);


INSERT INTO tb_acesso_recurso (ACR_CODIGO, PAP_CODIGO, FUN_CODIGO, ACR_RECURSO, ACR_PARAMETRO, ACR_OPERACAO, ACR_ATIVO, ACR_BLOQUEIO, ACR_SESSAO, ITM_CODIGO, ACR_FIM_FLUXO, ACR_METODO_HTTP) 
VALUES ('16466', '1', '518', '/v3/copiaSeguranca', 'acao', 'iniciar', 1, 'S', 'S', '266', 'N', '2');

INSERT INTO tb_acesso_recurso (ACR_CODIGO, PAP_CODIGO, FUN_CODIGO, ACR_RECURSO, ACR_PARAMETRO, ACR_OPERACAO, ACR_ATIVO, ACR_BLOQUEIO, ACR_SESSAO, ITM_CODIGO, ACR_FIM_FLUXO, ACR_METODO_HTTP) 
VALUES ('16467', '1', '518', '/v3/copiaSeguranca', 'acao', 'agendar', 1, 'S', 'S', NULL, 'N', '2');

INSERT INTO tb_acesso_recurso (ACR_CODIGO, PAP_CODIGO, FUN_CODIGO, ACR_RECURSO, ACR_PARAMETRO, ACR_OPERACAO, ACR_ATIVO, ACR_BLOQUEIO, ACR_SESSAO, ITM_CODIGO, ACR_FIM_FLUXO, ACR_METODO_HTTP) 
VALUES ('16468', '1', '518', '/v3/copiaSeguranca', 'acao', 'desagendar', 1, 'S', 'S', NULL, 'N', '2');

INSERT INTO tb_acesso_recurso (ACR_CODIGO, PAP_CODIGO, FUN_CODIGO, ACR_RECURSO, ACR_PARAMETRO, ACR_OPERACAO, ACR_ATIVO, ACR_BLOQUEIO, ACR_SESSAO, ITM_CODIGO, ACR_FIM_FLUXO, ACR_METODO_HTTP) 
VALUES ('16469', '1', '518', '/v3/copiaSeguranca', 'acao', 'exportar', 1, 'S', 'S', NULL, 'N', '2');

INSERT INTO tb_acesso_recurso (ACR_CODIGO, PAP_CODIGO, FUN_CODIGO, ACR_RECURSO, ACR_PARAMETRO, ACR_OPERACAO, ACR_ATIVO, ACR_BLOQUEIO, ACR_SESSAO, ITM_CODIGO, ACR_FIM_FLUXO, ACR_METODO_HTTP) 
VALUES ('16470', '1', '518', '/v3/excluirArquivo', 'tipo', 'backup', 1, 'S', 'S', NULL, 'N', '2');

INSERT INTO tb_acesso_recurso (ACR_CODIGO, PAP_CODIGO, FUN_CODIGO, ACR_RECURSO, ACR_PARAMETRO, ACR_OPERACAO, ACR_ATIVO, ACR_BLOQUEIO, ACR_SESSAO, ITM_CODIGO, ACR_FIM_FLUXO, ACR_METODO_HTTP) 
VALUES ('16471', '1', '519', '/v3/copiaSeguranca', 'acao', 'importar', 1, 'S', 'S', NULL, 'N', '2');

INSERT INTO tb_acesso_recurso (ACR_CODIGO, PAP_CODIGO, FUN_CODIGO, ACR_RECURSO, ACR_PARAMETRO, ACR_OPERACAO, ACR_ATIVO, ACR_BLOQUEIO, ACR_SESSAO, ITM_CODIGO, ACR_FIM_FLUXO, ACR_METODO_HTTP) 
VALUES ('16472', '7', '518', '/v3/copiaSeguranca', 'acao', 'iniciar', 1, 'S', 'S', '266', 'N', '2');

INSERT INTO tb_acesso_recurso (ACR_CODIGO, PAP_CODIGO, FUN_CODIGO, ACR_RECURSO, ACR_PARAMETRO, ACR_OPERACAO, ACR_ATIVO, ACR_BLOQUEIO, ACR_SESSAO, ITM_CODIGO, ACR_FIM_FLUXO, ACR_METODO_HTTP) 
VALUES ('16473', '7', '518', '/v3/copiaSeguranca', 'acao', 'agendar', 1, 'S', 'S', NULL, 'N', '2');

INSERT INTO tb_acesso_recurso (ACR_CODIGO, PAP_CODIGO, FUN_CODIGO, ACR_RECURSO, ACR_PARAMETRO, ACR_OPERACAO, ACR_ATIVO, ACR_BLOQUEIO, ACR_SESSAO, ITM_CODIGO, ACR_FIM_FLUXO, ACR_METODO_HTTP) 
VALUES ('16474', '7', '518', '/v3/copiaSeguranca', 'acao', 'desagendar', 1, 'S', 'S', NULL, 'N', '2');

INSERT INTO tb_acesso_recurso (ACR_CODIGO, PAP_CODIGO, FUN_CODIGO, ACR_RECURSO, ACR_PARAMETRO, ACR_OPERACAO, ACR_ATIVO, ACR_BLOQUEIO, ACR_SESSAO, ITM_CODIGO, ACR_FIM_FLUXO, ACR_METODO_HTTP) 
VALUES ('16475', '7', '518', '/v3/copiaSeguranca', 'acao', 'exportar', 1, 'S', 'S', NULL, 'N', '2');

INSERT INTO tb_acesso_recurso (ACR_CODIGO, PAP_CODIGO, FUN_CODIGO, ACR_RECURSO, ACR_PARAMETRO, ACR_OPERACAO, ACR_ATIVO, ACR_BLOQUEIO, ACR_SESSAO, ITM_CODIGO, ACR_FIM_FLUXO, ACR_METODO_HTTP) 
VALUES ('16476', '7', '518', '/v3/excluirArquivo', 'tipo', 'backup', 1, 'S', 'S', NULL, 'N', '2');

INSERT INTO tb_acesso_recurso (ACR_CODIGO, PAP_CODIGO, FUN_CODIGO, ACR_RECURSO, ACR_PARAMETRO, ACR_OPERACAO, ACR_ATIVO, ACR_BLOQUEIO, ACR_SESSAO, ITM_CODIGO, ACR_FIM_FLUXO, ACR_METODO_HTTP) 
VALUES ('16477', '7', '519', '/v3/copiaSeguranca', 'acao', 'importar', 1, 'S', 'S', NULL, 'N', '2');

