-- DESENV-17527
INSERT INTO tb_funcao (FUN_CODIGO, GRF_CODIGO, FUN_DESCRICAO, FUN_PERMITE_BLOQUEIO, FUN_EXIGE_TMO, FUN_AUDITAVEL, FUN_RESTRITA_NCA, FUN_EXIGE_SEGUNDA_SENHA_CSE, FUN_EXIGE_SEGUNDA_SENHA_SUP, FUN_EXIGE_SEGUNDA_SENHA_ORG, FUN_EXIGE_SEGUNDA_SENHA_CSA, FUN_EXIGE_SEGUNDA_SENHA_COR)
VALUES ('524', '4', 'Relatório de Histórico de Login', 'N', 'N', 'S', 'N', 'N', 'N', 'N', 'N', 'N');

INSERT INTO tb_item_menu (ITM_CODIGO, MNU_CODIGO, ITM_CODIGO_PAI, ITM_DESCRICAO, ITM_ATIVO, ITM_SEQUENCIA)
VALUES ('269', '2', NULL, 'Relatório de Histórico de Login', 1, 999);

INSERT INTO tb_acesso_recurso (ACR_CODIGO, PAP_CODIGO, FUN_CODIGO, ACR_RECURSO, ACR_PARAMETRO, ACR_OPERACAO, ACR_ATIVO, ACR_BLOQUEIO, ACR_SESSAO, ITM_CODIGO, ACR_FIM_FLUXO, ACR_METODO_HTTP)
VALUES ('16554', '1', '524', '/v3/listarRelatorio', 'tipo', 'historico_login', 1, 'S', 'S', '269', 'N', '2');

INSERT INTO tb_acesso_recurso (ACR_CODIGO, PAP_CODIGO, FUN_CODIGO, ACR_RECURSO, ACR_PARAMETRO, ACR_OPERACAO, ACR_ATIVO, ACR_BLOQUEIO, ACR_SESSAO, ITM_CODIGO, ACR_FIM_FLUXO, ACR_METODO_HTTP)
VALUES ('16555', '1', '524', '/v3/excluirArquivo', 'subtipo', 'historico_login', 1, 'S', 'S', NULL, 'N', '2');

INSERT INTO tb_acesso_recurso (ACR_CODIGO, PAP_CODIGO, FUN_CODIGO, ACR_RECURSO, ACR_PARAMETRO, ACR_OPERACAO, ACR_ATIVO, ACR_BLOQUEIO, ACR_SESSAO, ITM_CODIGO, ACR_FIM_FLUXO, ACR_METODO_HTTP)
VALUES ('16556', '1', '524', '/v3/downloadArquivo', 'subtipo', 'historico_login', 1, 'S', 'S', NULL, 'N', '2');

INSERT INTO tb_acesso_recurso (ACR_CODIGO, PAP_CODIGO, FUN_CODIGO, ACR_RECURSO, ACR_PARAMETRO, ACR_OPERACAO, ACR_ATIVO, ACR_BLOQUEIO, ACR_SESSAO, ITM_CODIGO, ACR_FIM_FLUXO, ACR_METODO_HTTP)
VALUES ('16557', '1', '524', '/v3/executarRelatorio', 'tipoRelatorio', 'historico_login', 1, 'S', 'S', NULL, 'N', '2');

INSERT INTO tb_acesso_recurso (ACR_CODIGO, PAP_CODIGO, FUN_CODIGO, ACR_RECURSO, ACR_PARAMETRO, ACR_OPERACAO, ACR_ATIVO, ACR_BLOQUEIO, ACR_SESSAO, ITM_CODIGO, ACR_FIM_FLUXO, ACR_METODO_HTTP)
VALUES ('16558', '1', '524', '/v3/agendarRelatorio', 'tipo', 'historico_login', 1, 'S', 'S', NULL, 'N', '2');

INSERT INTO tb_acesso_recurso (ACR_CODIGO, PAP_CODIGO, FUN_CODIGO, ACR_RECURSO, ACR_PARAMETRO, ACR_OPERACAO, ACR_ATIVO, ACR_BLOQUEIO, ACR_SESSAO, ITM_CODIGO, ACR_FIM_FLUXO, ACR_METODO_HTTP)
VALUES ('16559', '1', '524', '/v3/cancelarAgendamentoRelatorio', 'tipo', 'historico_login', 1, 'S', 'S', NULL, 'N', '2');

INSERT INTO tb_acesso_recurso (ACR_CODIGO, PAP_CODIGO, FUN_CODIGO, ACR_RECURSO, ACR_PARAMETRO, ACR_OPERACAO, ACR_ATIVO, ACR_BLOQUEIO, ACR_SESSAO, ITM_CODIGO, ACR_FIM_FLUXO, ACR_METODO_HTTP)
VALUES ('16560', '7', '524', '/v3/listarRelatorio', 'tipo', 'historico_login', 1, 'S', 'S', '269', 'N', '2');

INSERT INTO tb_acesso_recurso (ACR_CODIGO, PAP_CODIGO, FUN_CODIGO, ACR_RECURSO, ACR_PARAMETRO, ACR_OPERACAO, ACR_ATIVO, ACR_BLOQUEIO, ACR_SESSAO, ITM_CODIGO, ACR_FIM_FLUXO, ACR_METODO_HTTP)
VALUES ('16561', '7', '524', '/v3/excluirArquivo', 'subtipo', 'historico_login', 1, 'S', 'S', NULL, 'N', '2');

INSERT INTO tb_acesso_recurso (ACR_CODIGO, PAP_CODIGO, FUN_CODIGO, ACR_RECURSO, ACR_PARAMETRO, ACR_OPERACAO, ACR_ATIVO, ACR_BLOQUEIO, ACR_SESSAO, ITM_CODIGO, ACR_FIM_FLUXO, ACR_METODO_HTTP)
VALUES ('16562', '7', '524', '/v3/downloadArquivo', 'subtipo', 'historico_login', 1, 'S', 'S', NULL, 'N', '2');

INSERT INTO tb_acesso_recurso (ACR_CODIGO, PAP_CODIGO, FUN_CODIGO, ACR_RECURSO, ACR_PARAMETRO, ACR_OPERACAO, ACR_ATIVO, ACR_BLOQUEIO, ACR_SESSAO, ITM_CODIGO, ACR_FIM_FLUXO, ACR_METODO_HTTP)
VALUES ('16563', '7', '524', '/v3/executarRelatorio', 'tipoRelatorio', 'historico_login', 1, 'S', 'S', NULL, 'N', '2');

INSERT INTO tb_acesso_recurso (ACR_CODIGO, PAP_CODIGO, FUN_CODIGO, ACR_RECURSO, ACR_PARAMETRO, ACR_OPERACAO, ACR_ATIVO, ACR_BLOQUEIO, ACR_SESSAO, ITM_CODIGO, ACR_FIM_FLUXO, ACR_METODO_HTTP)
VALUES ('16564', '7', '524', '/v3/agendarRelatorio', 'tipo', 'historico_login', 1, 'S', 'S', NULL, 'N', '2');

INSERT INTO tb_acesso_recurso (ACR_CODIGO, PAP_CODIGO, FUN_CODIGO, ACR_RECURSO, ACR_PARAMETRO, ACR_OPERACAO, ACR_ATIVO, ACR_BLOQUEIO, ACR_SESSAO, ITM_CODIGO, ACR_FIM_FLUXO, ACR_METODO_HTTP)
VALUES ('16565', '7', '524', '/v3/cancelarAgendamentoRelatorio', 'tipo', 'historico_login', 1, 'S', 'S', NULL, 'N', '2');

INSERT INTO tb_relatorio (REL_CODIGO, FUN_CODIGO, TAG_CODIGO, REL_TITULO, REL_ATIVO, REL_AGENDADO, REL_CLASSE_RELATORIO, REL_CLASSE_PROCESSO, REL_CLASSE_AGENDAMENTO, REL_TEMPLATE_JASPER, REL_TEMPLATE_DINAMICO, REL_TEMPLATE_SUBRELATORIO, REL_TEMPLATE_SQL, REL_QTD_DIAS_LIMPEZA, REL_CUSTOMIZADO, REL_AGRUPAMENTO)
VALUES ('historico_login', '524', NULL, 'Relatório de Histórico de Login', 1, 'N', 'com.zetra.econsig.report.reports.RelatorioHistoricoLogin', 'com.zetra.econsig.job.process.ProcessaRelatorioHistoricoLogin', NULL, 'HistoricoLogin.jasper', NULL, NULL, NULL, 30, 'N', NULL);

INSERT INTO tb_relatorio_filtro (REL_CODIGO, TFR_CODIGO, RFI_EXIBE_SUP, RFI_EXIBE_CSE, RFI_EXIBE_ORG, RFI_EXIBE_CSA, RFI_EXIBE_COR, RFI_EXIBE_SER, RFI_SEQUENCIA, RFI_PARAMETRO)
VALUES ('historico_login', 'campo_data_inicio_fim', '2', '2', '0', '0', '0', '0', 1, NULL);

INSERT INTO tb_relatorio_filtro (REL_CODIGO, TFR_CODIGO, RFI_EXIBE_SUP, RFI_EXIBE_CSE, RFI_EXIBE_ORG, RFI_EXIBE_CSA, RFI_EXIBE_COR, RFI_EXIBE_SER, RFI_SEQUENCIA, RFI_PARAMETRO)
VALUES ('historico_login', 'campo_agendado', '1', '1', '0', '0', '0', '0', 2, NULL);

INSERT INTO tb_relatorio_filtro (REL_CODIGO, TFR_CODIGO, RFI_EXIBE_SUP, RFI_EXIBE_CSE, RFI_EXIBE_ORG, RFI_EXIBE_CSA, RFI_EXIBE_COR, RFI_EXIBE_SER, RFI_SEQUENCIA, RFI_PARAMETRO)
VALUES ('historico_login', 'campo_data_execucao', '1', '1', '0', '0', '0', '0', 3, NULL);

INSERT INTO tb_relatorio_filtro (REL_CODIGO, TFR_CODIGO, RFI_EXIBE_SUP, RFI_EXIBE_CSE, RFI_EXIBE_ORG, RFI_EXIBE_CSA, RFI_EXIBE_COR, RFI_EXIBE_SER, RFI_SEQUENCIA, RFI_PARAMETRO)
VALUES ('historico_login', 'campo_envio_email', '1', '1', '0', '0', '0', '0', 4, NULL);

INSERT INTO tb_relatorio_filtro (REL_CODIGO, TFR_CODIGO, RFI_EXIBE_SUP, RFI_EXIBE_CSE, RFI_EXIBE_ORG, RFI_EXIBE_CSA, RFI_EXIBE_COR, RFI_EXIBE_SER, RFI_SEQUENCIA, RFI_PARAMETRO)
VALUES ('historico_login', 'campo_periodicidade', '1', '1', '0', '0', '0', '0', 5, NULL);

INSERT INTO tb_relatorio_filtro (REL_CODIGO, TFR_CODIGO, RFI_EXIBE_SUP, RFI_EXIBE_CSE, RFI_EXIBE_ORG, RFI_EXIBE_CSA, RFI_EXIBE_COR, RFI_EXIBE_SER, RFI_SEQUENCIA, RFI_PARAMETRO)
VALUES ('historico_login', 'campo_tipo_agendamento', '1', '1', '0', '0', '0', '0', 6, NULL);

INSERT INTO tb_relatorio_filtro (REL_CODIGO, TFR_CODIGO, RFI_EXIBE_SUP, RFI_EXIBE_CSE, RFI_EXIBE_ORG, RFI_EXIBE_CSA, RFI_EXIBE_COR, RFI_EXIBE_SER, RFI_SEQUENCIA, RFI_PARAMETRO)
VALUES ('historico_login', 'campo_formato_relatorio', '1', '1', '0', '0', '0', '0', 7, NULL);

INSERT INTO tb_papel_funcao (PAP_CODIGO, FUN_CODIGO) VALUES ('1', '524');
INSERT INTO tb_papel_funcao (PAP_CODIGO, FUN_CODIGO) VALUES ('7', '524');
