-- DESENV-19612
INSERT INTO tb_funcao (FUN_CODIGO, GRF_CODIGO, FUN_DESCRICAO, FUN_PERMITE_BLOQUEIO, FUN_EXIGE_TMO, FUN_AUDITAVEL, FUN_RESTRITA_NCA, FUN_EXIGE_SEGUNDA_SENHA_CSE, FUN_EXIGE_SEGUNDA_SENHA_SUP, FUN_EXIGE_SEGUNDA_SENHA_ORG, FUN_EXIGE_SEGUNDA_SENHA_CSA, FUN_EXIGE_SEGUNDA_SENHA_COR) 
VALUES ('542', '9', 'Consultar operações para envio de e-mail', 'N', 'N', 'S', 'N', 'N', 'N', 'N', 'N', 'N');

INSERT INTO tb_funcao (FUN_CODIGO, GRF_CODIGO, FUN_DESCRICAO, FUN_PERMITE_BLOQUEIO, FUN_EXIGE_TMO, FUN_AUDITAVEL, FUN_RESTRITA_NCA, FUN_EXIGE_SEGUNDA_SENHA_CSE, FUN_EXIGE_SEGUNDA_SENHA_SUP, FUN_EXIGE_SEGUNDA_SENHA_ORG, FUN_EXIGE_SEGUNDA_SENHA_CSA, FUN_EXIGE_SEGUNDA_SENHA_COR) 
VALUES ('543', '9', 'Editar operações para envio de e-mail', 'N', 'N', 'S', 'N', 'N', 'N', 'N', 'N', 'N');

-- INSERT INTO tb_papel_funcao (FUN_CODIGO, PAP_CODIGO) VALUES ('542', '1');
-- INSERT INTO tb_papel_funcao (FUN_CODIGO, PAP_CODIGO) VALUES ('542', '2');
-- INSERT INTO tb_papel_funcao (FUN_CODIGO, PAP_CODIGO) VALUES ('542', '7');

-- INSERT INTO tb_papel_funcao (FUN_CODIGO, PAP_CODIGO) VALUES ('543', '1');
-- INSERT INTO tb_papel_funcao (FUN_CODIGO, PAP_CODIGO) VALUES ('543', '2');
-- INSERT INTO tb_papel_funcao (FUN_CODIGO, PAP_CODIGO) VALUES ('543', '7');

INSERT INTO tb_acesso_recurso (ACR_CODIGO, PAP_CODIGO, FUN_CODIGO, ACR_RECURSO, ACR_PARAMETRO, ACR_OPERACAO, ACR_ATIVO, ACR_BLOQUEIO, ACR_SESSAO, ITM_CODIGO, ACR_FIM_FLUXO, ACR_METODO_HTTP)
VALUES ('16714', '1', '542', '/v3/editarFuncoesEnvioEmail', 'acao', 'iniciar', 1, 'S', 'S', NULL, 'N', '2');

INSERT INTO tb_acesso_recurso (ACR_CODIGO, PAP_CODIGO, FUN_CODIGO, ACR_RECURSO, ACR_PARAMETRO, ACR_OPERACAO, ACR_ATIVO, ACR_BLOQUEIO, ACR_SESSAO, ITM_CODIGO, ACR_FIM_FLUXO, ACR_METODO_HTTP)
VALUES ('16715', '2', '542', '/v3/editarFuncoesEnvioEmail', 'acao', 'iniciar', 1, 'S', 'S', NULL, 'N', '2');

INSERT INTO tb_acesso_recurso (ACR_CODIGO, PAP_CODIGO, FUN_CODIGO, ACR_RECURSO, ACR_PARAMETRO, ACR_OPERACAO, ACR_ATIVO, ACR_BLOQUEIO, ACR_SESSAO, ITM_CODIGO, ACR_FIM_FLUXO, ACR_METODO_HTTP)
VALUES ('16716', '7', '542', '/v3/editarFuncoesEnvioEmail', 'acao', 'iniciar', 1, 'S', 'S', NULL, 'N', '2');


INSERT INTO tb_acesso_recurso (ACR_CODIGO, PAP_CODIGO, FUN_CODIGO, ACR_RECURSO, ACR_PARAMETRO, ACR_OPERACAO, ACR_ATIVO, ACR_BLOQUEIO, ACR_SESSAO, ITM_CODIGO, ACR_FIM_FLUXO, ACR_METODO_HTTP)
VALUES ('16717', '1', '543', '/v3/editarFuncoesEnvioEmail', 'acao', 'salvar', 1, 'S', 'S', NULL, 'S', '2');

INSERT INTO tb_acesso_recurso (ACR_CODIGO, PAP_CODIGO, FUN_CODIGO, ACR_RECURSO, ACR_PARAMETRO, ACR_OPERACAO, ACR_ATIVO, ACR_BLOQUEIO, ACR_SESSAO, ITM_CODIGO, ACR_FIM_FLUXO, ACR_METODO_HTTP)
VALUES ('16718', '2', '543', '/v3/editarFuncoesEnvioEmail', 'acao', 'salvar', 1, 'S', 'S', NULL, 'S', '2');

INSERT INTO tb_acesso_recurso (ACR_CODIGO, PAP_CODIGO, FUN_CODIGO, ACR_RECURSO, ACR_PARAMETRO, ACR_OPERACAO, ACR_ATIVO, ACR_BLOQUEIO, ACR_SESSAO, ITM_CODIGO, ACR_FIM_FLUXO, ACR_METODO_HTTP)
VALUES ('16719', '7', '543', '/v3/editarFuncoesEnvioEmail', 'acao', 'salvar', 1, 'S', 'S', NULL, 'S', '2');

INSERT INTO tb_tipo_entidade (TEN_CODIGO, TEN_DESCRICAO, TEN_AUDITORIA, TEN_CAMPO_ENT_00, TEN_CAMPO_ENT_01, TEN_CAMPO_ENT_02)
VALUES ('129', 'Configuração de envio de e-mail para consignatária', 1, 'FUN_CODIGO', 'PAP_CODIGO', 'CSA_CODIGO');

