-- DESENV-13920
INSERT INTO tb_tipo_param_sist_consignante (TPC_CODIGO, TPC_DESCRICAO, TPC_DOMINIO, TPC_VLR_DEFAULT, TPC_CSE_ALTERA, TPC_CSE_CONSULTA, TPC_SUP_ALTERA, TPC_SUP_CONSULTA, GPS_CODIGO) 
VALUES ('776', 'URL para serviço de geocodificação', 'ALFA', NULL, 'N', 'N', 'N', 'N', '3');

INSERT INTO tb_tipo_param_sist_consignante (TPC_CODIGO, TPC_DESCRICAO, TPC_DOMINIO, TPC_VLR_DEFAULT, TPC_CSE_ALTERA, TPC_CSE_CONSULTA, TPC_SUP_ALTERA, TPC_SUP_CONSULTA, GPS_CODIGO) 
VALUES ('777', 'Chave de acesso para serviço de geocodificação', 'ALFA', NULL, 'N', 'N', 'N', 'N', '3');

-- INSERT INTO tb_param_sist_consignante (TPC_CODIGO, CSE_CODIGO, PSI_VLR) VALUES ('776', '1', 'https://maps.googleapis.com/maps/api/geocode/json');
-- INSERT INTO tb_param_sist_consignante (TPC_CODIGO, CSE_CODIGO, PSI_VLR) VALUES ('777', '1', 'AIzaSyDw57Qq4KXZEkF6cx3a1i78w6avQ6ZZGgQ');

INSERT INTO tb_funcao (FUN_CODIGO, GRF_CODIGO, FUN_DESCRICAO, FUN_PERMITE_BLOQUEIO, FUN_EXIGE_TMO, FUN_AUDITAVEL, FUN_RESTRITA_NCA, FUN_EXIGE_SEGUNDA_SENHA_CSE, FUN_EXIGE_SEGUNDA_SENHA_SUP, FUN_EXIGE_SEGUNDA_SENHA_ORG, FUN_EXIGE_SEGUNDA_SENHA_CSA, FUN_EXIGE_SEGUNDA_SENHA_COR) 
VALUES ('488', '9', 'Editar Endereços Consignatárias', 'N', 'N', 'S', 'N', 'N', 'N', 'N', 'N', 'N');

-- INSERT INTO tb_papel_funcao (PAP_CODIGO, FUN_CODIGO) VALUES ('1', '488');
-- INSERT INTO tb_papel_funcao (PAP_CODIGO, FUN_CODIGO) VALUES ('2', '488');
-- INSERT INTO tb_papel_funcao (PAP_CODIGO, FUN_CODIGO) VALUES ('3', '488');
-- INSERT INTO tb_papel_funcao (PAP_CODIGO, FUN_CODIGO) VALUES ('7', '488');

INSERT INTO tb_acesso_recurso (ACR_CODIGO, PAP_CODIGO, FUN_CODIGO, ACR_RECURSO, ACR_PARAMETRO, ACR_OPERACAO, ACR_ATIVO, ACR_BLOQUEIO, ACR_SESSAO, ITM_CODIGO, ACR_FIM_FLUXO, ACR_METODO_HTTP) 
VALUES ('16008', '1', '488', '/v3/manterEnderecosConsignataria', 'acao', 'iniciar', '1', 'S', 'S', NULL, 'N', '2');
INSERT INTO tb_acesso_recurso (ACR_CODIGO, PAP_CODIGO, FUN_CODIGO, ACR_RECURSO, ACR_PARAMETRO, ACR_OPERACAO, ACR_ATIVO, ACR_BLOQUEIO, ACR_SESSAO, ITM_CODIGO, ACR_FIM_FLUXO, ACR_METODO_HTTP) 
VALUES ('16009', '2', '488', '/v3/manterEnderecosConsignataria', 'acao', 'iniciar', '1', 'S', 'S', NULL, 'N', '2');
INSERT INTO tb_acesso_recurso (ACR_CODIGO, PAP_CODIGO, FUN_CODIGO, ACR_RECURSO, ACR_PARAMETRO, ACR_OPERACAO, ACR_ATIVO, ACR_BLOQUEIO, ACR_SESSAO, ITM_CODIGO, ACR_FIM_FLUXO, ACR_METODO_HTTP) 
VALUES ('16010', '3', '488', '/v3/manterEnderecosConsignataria', 'acao', 'iniciar', '1', 'S', 'S', NULL, 'N', '2');
INSERT INTO tb_acesso_recurso (ACR_CODIGO, PAP_CODIGO, FUN_CODIGO, ACR_RECURSO, ACR_PARAMETRO, ACR_OPERACAO, ACR_ATIVO, ACR_BLOQUEIO, ACR_SESSAO, ITM_CODIGO, ACR_FIM_FLUXO, ACR_METODO_HTTP) 
VALUES ('16011', '7', '488', '/v3/manterEnderecosConsignataria', 'acao', 'iniciar', '1', 'S', 'S', NULL, 'N', '2');

INSERT INTO tb_acesso_recurso (ACR_CODIGO, PAP_CODIGO, FUN_CODIGO, ACR_RECURSO, ACR_PARAMETRO, ACR_OPERACAO, ACR_ATIVO, ACR_BLOQUEIO, ACR_SESSAO, ITM_CODIGO, ACR_FIM_FLUXO, ACR_METODO_HTTP) 
VALUES ('16012', '1', '488', '/v3/manterEnderecosConsignataria', 'acao', 'editar', '1', 'S', 'S', NULL, 'N', '2');
INSERT INTO tb_acesso_recurso (ACR_CODIGO, PAP_CODIGO, FUN_CODIGO, ACR_RECURSO, ACR_PARAMETRO, ACR_OPERACAO, ACR_ATIVO, ACR_BLOQUEIO, ACR_SESSAO, ITM_CODIGO, ACR_FIM_FLUXO, ACR_METODO_HTTP) 
VALUES ('16013', '2', '488', '/v3/manterEnderecosConsignataria', 'acao', 'editar', '1', 'S', 'S', NULL, 'N', '2');
INSERT INTO tb_acesso_recurso (ACR_CODIGO, PAP_CODIGO, FUN_CODIGO, ACR_RECURSO, ACR_PARAMETRO, ACR_OPERACAO, ACR_ATIVO, ACR_BLOQUEIO, ACR_SESSAO, ITM_CODIGO, ACR_FIM_FLUXO, ACR_METODO_HTTP) 
VALUES ('16014', '3', '488', '/v3/manterEnderecosConsignataria', 'acao', 'editar', '1', 'S', 'S', NULL, 'N', '2');
INSERT INTO tb_acesso_recurso (ACR_CODIGO, PAP_CODIGO, FUN_CODIGO, ACR_RECURSO, ACR_PARAMETRO, ACR_OPERACAO, ACR_ATIVO, ACR_BLOQUEIO, ACR_SESSAO, ITM_CODIGO, ACR_FIM_FLUXO, ACR_METODO_HTTP) 
VALUES ('16015', '7', '488', '/v3/manterEnderecosConsignataria', 'acao', 'editar', '1', 'S', 'S', NULL, 'N', '2');

INSERT INTO tb_acesso_recurso (ACR_CODIGO, PAP_CODIGO, FUN_CODIGO, ACR_RECURSO, ACR_PARAMETRO, ACR_OPERACAO, ACR_ATIVO, ACR_BLOQUEIO, ACR_SESSAO, ITM_CODIGO, ACR_FIM_FLUXO, ACR_METODO_HTTP) 
VALUES ('16016', '1', '488', '/v3/buscaCep', 'acao', 'manterEnderecosConsignataria', '1', 'S', 'S', NULL, 'N', '2');
INSERT INTO tb_acesso_recurso (ACR_CODIGO, PAP_CODIGO, FUN_CODIGO, ACR_RECURSO, ACR_PARAMETRO, ACR_OPERACAO, ACR_ATIVO, ACR_BLOQUEIO, ACR_SESSAO, ITM_CODIGO, ACR_FIM_FLUXO, ACR_METODO_HTTP) 
VALUES ('16017', '2', '488', '/v3/buscaCep', 'acao', 'manterEnderecosConsignataria', '1', 'S', 'S', NULL, 'N', '2');
INSERT INTO tb_acesso_recurso (ACR_CODIGO, PAP_CODIGO, FUN_CODIGO, ACR_RECURSO, ACR_PARAMETRO, ACR_OPERACAO, ACR_ATIVO, ACR_BLOQUEIO, ACR_SESSAO, ITM_CODIGO, ACR_FIM_FLUXO, ACR_METODO_HTTP) 
VALUES ('16018', '3', '488', '/v3/buscaCep', 'acao', 'manterEnderecosConsignataria', '1', 'S', 'S', NULL, 'N', '2');
INSERT INTO tb_acesso_recurso (ACR_CODIGO, PAP_CODIGO, FUN_CODIGO, ACR_RECURSO, ACR_PARAMETRO, ACR_OPERACAO, ACR_ATIVO, ACR_BLOQUEIO, ACR_SESSAO, ITM_CODIGO, ACR_FIM_FLUXO, ACR_METODO_HTTP) 
VALUES ('16019', '7', '488', '/v3/buscaCep', 'acao', 'manterEnderecosConsignataria', '1', 'S', 'S', NULL, 'N', '2');

INSERT INTO tb_acesso_recurso (ACR_CODIGO, PAP_CODIGO, FUN_CODIGO, ACR_RECURSO, ACR_PARAMETRO, ACR_OPERACAO, ACR_ATIVO, ACR_BLOQUEIO, ACR_SESSAO, ITM_CODIGO, ACR_FIM_FLUXO, ACR_METODO_HTTP) 
VALUES ('16020', '1', '488', '/v3/listarCidades', 'acao', 'manterEnderecosConsignataria', '1', 'S', 'S', NULL, 'N', '2');
INSERT INTO tb_acesso_recurso (ACR_CODIGO, PAP_CODIGO, FUN_CODIGO, ACR_RECURSO, ACR_PARAMETRO, ACR_OPERACAO, ACR_ATIVO, ACR_BLOQUEIO, ACR_SESSAO, ITM_CODIGO, ACR_FIM_FLUXO, ACR_METODO_HTTP) 
VALUES ('16021', '2', '488', '/v3/listarCidades', 'acao', 'manterEnderecosConsignataria', '1', 'S', 'S', NULL, 'N', '2');
INSERT INTO tb_acesso_recurso (ACR_CODIGO, PAP_CODIGO, FUN_CODIGO, ACR_RECURSO, ACR_PARAMETRO, ACR_OPERACAO, ACR_ATIVO, ACR_BLOQUEIO, ACR_SESSAO, ITM_CODIGO, ACR_FIM_FLUXO, ACR_METODO_HTTP) 
VALUES ('16022', '3', '488', '/v3/listarCidades', 'acao', 'manterEnderecosConsignataria', '1', 'S', 'S', NULL, 'N', '2');
INSERT INTO tb_acesso_recurso (ACR_CODIGO, PAP_CODIGO, FUN_CODIGO, ACR_RECURSO, ACR_PARAMETRO, ACR_OPERACAO, ACR_ATIVO, ACR_BLOQUEIO, ACR_SESSAO, ITM_CODIGO, ACR_FIM_FLUXO, ACR_METODO_HTTP) 
VALUES ('16023', '7', '488', '/v3/listarCidades', 'acao', 'manterEnderecosConsignataria', '1', 'S', 'S', NULL, 'N', '2');

INSERT INTO tb_acesso_recurso (ACR_CODIGO, PAP_CODIGO, FUN_CODIGO, ACR_RECURSO, ACR_PARAMETRO, ACR_OPERACAO, ACR_ATIVO, ACR_BLOQUEIO, ACR_SESSAO, ITM_CODIGO, ACR_FIM_FLUXO, ACR_METODO_HTTP) 
VALUES ('16024', '1', '488', '/v3/manterEnderecosConsignataria', 'acao', 'salvar', '1', 'S', 'S', NULL, 'S', '2');
INSERT INTO tb_acesso_recurso (ACR_CODIGO, PAP_CODIGO, FUN_CODIGO, ACR_RECURSO, ACR_PARAMETRO, ACR_OPERACAO, ACR_ATIVO, ACR_BLOQUEIO, ACR_SESSAO, ITM_CODIGO, ACR_FIM_FLUXO, ACR_METODO_HTTP) 
VALUES ('16025', '2', '488', '/v3/manterEnderecosConsignataria', 'acao', 'salvar', '1', 'S', 'S', NULL, 'S', '2');
INSERT INTO tb_acesso_recurso (ACR_CODIGO, PAP_CODIGO, FUN_CODIGO, ACR_RECURSO, ACR_PARAMETRO, ACR_OPERACAO, ACR_ATIVO, ACR_BLOQUEIO, ACR_SESSAO, ITM_CODIGO, ACR_FIM_FLUXO, ACR_METODO_HTTP) 
VALUES ('16026', '3', '488', '/v3/manterEnderecosConsignataria', 'acao', 'salvar', '1', 'S', 'S', NULL, 'S', '2');
INSERT INTO tb_acesso_recurso (ACR_CODIGO, PAP_CODIGO, FUN_CODIGO, ACR_RECURSO, ACR_PARAMETRO, ACR_OPERACAO, ACR_ATIVO, ACR_BLOQUEIO, ACR_SESSAO, ITM_CODIGO, ACR_FIM_FLUXO, ACR_METODO_HTTP) 
VALUES ('16027', '7', '488', '/v3/manterEnderecosConsignataria', 'acao', 'salvar', '1', 'S', 'S', NULL, 'S', '2');

INSERT INTO tb_acesso_recurso (ACR_CODIGO, PAP_CODIGO, FUN_CODIGO, ACR_RECURSO, ACR_PARAMETRO, ACR_OPERACAO, ACR_ATIVO, ACR_BLOQUEIO, ACR_SESSAO, ITM_CODIGO, ACR_FIM_FLUXO, ACR_METODO_HTTP) 
VALUES ('16028', '1', '488', '/v3/manterEnderecosConsignataria', 'acao', 'excluir', '1', 'S', 'S', NULL, 'S', '2');
INSERT INTO tb_acesso_recurso (ACR_CODIGO, PAP_CODIGO, FUN_CODIGO, ACR_RECURSO, ACR_PARAMETRO, ACR_OPERACAO, ACR_ATIVO, ACR_BLOQUEIO, ACR_SESSAO, ITM_CODIGO, ACR_FIM_FLUXO, ACR_METODO_HTTP) 
VALUES ('16029', '2', '488', '/v3/manterEnderecosConsignataria', 'acao', 'excluir', '1', 'S', 'S', NULL, 'S', '2');
INSERT INTO tb_acesso_recurso (ACR_CODIGO, PAP_CODIGO, FUN_CODIGO, ACR_RECURSO, ACR_PARAMETRO, ACR_OPERACAO, ACR_ATIVO, ACR_BLOQUEIO, ACR_SESSAO, ITM_CODIGO, ACR_FIM_FLUXO, ACR_METODO_HTTP) 
VALUES ('16030', '3', '488', '/v3/manterEnderecosConsignataria', 'acao', 'excluir', '1', 'S', 'S', NULL, 'S', '2');
INSERT INTO tb_acesso_recurso (ACR_CODIGO, PAP_CODIGO, FUN_CODIGO, ACR_RECURSO, ACR_PARAMETRO, ACR_OPERACAO, ACR_ATIVO, ACR_BLOQUEIO, ACR_SESSAO, ITM_CODIGO, ACR_FIM_FLUXO, ACR_METODO_HTTP) 
VALUES ('16031', '7', '488', '/v3/manterEnderecosConsignataria', 'acao', 'excluir', '1', 'S', 'S', NULL, 'S', '2'); 
