-- DESENV-16245
INSERT INTO tb_funcao (FUN_CODIGO, GRF_CODIGO, FUN_DESCRICAO, FUN_PERMITE_BLOQUEIO, FUN_EXIGE_TMO, FUN_EXIGE_SEGUNDA_SENHA_CSE, FUN_AUDITAVEL, FUN_RESTRITA_NCA, FUN_EXIGE_SEGUNDA_SENHA_SUP, FUN_EXIGE_SEGUNDA_SENHA_ORG, FUN_EXIGE_SEGUNDA_SENHA_CSA, FUN_EXIGE_SEGUNDA_SENHA_COR)
VALUES ('516', '4', 'Relatório Solicitação de Saldo Devedor', 'N', 'N', 'N', 'S', 'N', 'N', 'N', 'N', 'N');

-- INSERT INTO tb_papel_funcao (PAP_CODIGO, FUN_CODIGO) values ('1', '516');
-- INSERT INTO tb_papel_funcao (PAP_CODIGO, FUN_CODIGO) values ('2', '516');
-- INSERT INTO tb_papel_funcao (PAP_CODIGO, FUN_CODIGO) values ('7', '516');

INSERT INTO tb_item_menu (ITM_CODIGO, MNU_CODIGO, ITM_CODIGO_PAI, ITM_DESCRICAO, ITM_ATIVO, ITM_SEQUENCIA, ITM_SEPARADOR)
VALUES ('263', '2', NULL, 'Solicitacao de Saldo Devedor', 1, 88, 'N');

INSERT INTO tb_tipo_filtro_relatorio (TFR_CODIGO, TFR_DESCRICAO, TFR_RECURSO, TFR_EXIBE_EDICAO) 
VALUES ('campo_tipo_saldo', 'Tipo de Saldo', '/relatorios/campos_relatorio/campo_tipo_saldo.jsp', 'N');

INSERT INTO tb_relatorio (REL_CODIGO, FUN_CODIGO, TAG_CODIGO, REL_TITULO, REL_ATIVO, REL_AGENDADO, REL_CLASSE_RELATORIO, REL_CLASSE_PROCESSO, REL_CLASSE_AGENDAMENTO, REL_TEMPLATE_JASPER, REL_TEMPLATE_DINAMICO, REL_TEMPLATE_SUBRELATORIO, REL_TEMPLATE_SQL, REL_QTD_DIAS_LIMPEZA, REL_CUSTOMIZADO, REL_AGRUPAMENTO)
VALUES ('solicitacao_saldo_devedor', '516', NULL, 'Relatório Solicitação de Saldo Devedor', '1', 'N', 'com.zetra.report.reports.RelatorioSolicitacaoSaldoDevedor', 'com.zetra.processamento.ProcessaRelatorioSolicitacaoSaldoDevedor', NULL, 'SolicitacaoSaldoDevedor.jasper', NULL, NULL, NULL, '30', 'N', NULL);


INSERT INTO tb_relatorio_filtro (REL_CODIGO, TFR_CODIGO, RFI_EXIBE_CSE, RFI_EXIBE_CSA, RFI_EXIBE_COR, RFI_EXIBE_ORG, RFI_EXIBE_SER, RFI_SEQUENCIA, RFI_PARAMETRO, RFI_EXIBE_SUP)
VALUES ('solicitacao_saldo_devedor', 'campo_data_inicio_fim', '1', '1', '0', '0', '0', '1', NULL, '1');

INSERT INTO tb_relatorio_filtro (REL_CODIGO, TFR_CODIGO, RFI_EXIBE_CSE, RFI_EXIBE_CSA, RFI_EXIBE_COR, RFI_EXIBE_ORG, RFI_EXIBE_SER, RFI_SEQUENCIA, RFI_PARAMETRO, RFI_EXIBE_SUP)
VALUES ('solicitacao_saldo_devedor', 'campo_ade_numero', '1', '1', '0', '0', '0', '2', NULL, '1');

INSERT INTO tb_relatorio_filtro (REL_CODIGO, TFR_CODIGO, RFI_EXIBE_CSE, RFI_EXIBE_CSA, RFI_EXIBE_COR, RFI_EXIBE_ORG, RFI_EXIBE_SER, RFI_SEQUENCIA, RFI_PARAMETRO, RFI_EXIBE_SUP)
VALUES ('solicitacao_saldo_devedor', 'campo_matricula', '1', '1', '0', '0', '0', '3', NULL, '1');

INSERT INTO tb_relatorio_filtro (REL_CODIGO, TFR_CODIGO, RFI_EXIBE_CSE, RFI_EXIBE_CSA, RFI_EXIBE_COR, RFI_EXIBE_ORG, RFI_EXIBE_SER, RFI_SEQUENCIA, RFI_PARAMETRO, RFI_EXIBE_SUP)
VALUES ('solicitacao_saldo_devedor', 'campo_cpf', '1', '1', '0', '0', '0', '4', NULL, '1');

INSERT INTO tb_relatorio_filtro (REL_CODIGO, TFR_CODIGO, RFI_EXIBE_CSE, RFI_EXIBE_CSA, RFI_EXIBE_COR, RFI_EXIBE_ORG, RFI_EXIBE_SER, RFI_SEQUENCIA, RFI_PARAMETRO, RFI_EXIBE_SUP)
VALUES ('solicitacao_saldo_devedor', 'campo_est', '1', '1', '0', '0', '0', '5', NULL, '1');

INSERT INTO tb_relatorio_filtro (REL_CODIGO, TFR_CODIGO, RFI_EXIBE_CSE, RFI_EXIBE_CSA, RFI_EXIBE_COR, RFI_EXIBE_ORG, RFI_EXIBE_SER, RFI_SEQUENCIA, RFI_PARAMETRO, RFI_EXIBE_SUP)
VALUES ('solicitacao_saldo_devedor', 'campo_org', '1', '1', '0', '0', '0', '6', NULL, '1');

INSERT INTO tb_relatorio_filtro (REL_CODIGO, TFR_CODIGO, RFI_EXIBE_CSE, RFI_EXIBE_CSA, RFI_EXIBE_COR, RFI_EXIBE_ORG, RFI_EXIBE_SER, RFI_SEQUENCIA, RFI_PARAMETRO, RFI_EXIBE_SUP)
VALUES ('solicitacao_saldo_devedor', 'campo_csa', '1', '1', '0', '0', '0', '7', NULL, '1');

INSERT INTO tb_relatorio_filtro (REL_CODIGO, TFR_CODIGO, RFI_EXIBE_CSE, RFI_EXIBE_CSA, RFI_EXIBE_COR, RFI_EXIBE_ORG, RFI_EXIBE_SER, RFI_SEQUENCIA, RFI_PARAMETRO, RFI_EXIBE_SUP)
VALUES ('solicitacao_saldo_devedor', 'campo_tipo_saldo', '1', '1', '0', '0', '0', '7', NULL, '1');

INSERT INTO tb_relatorio_filtro (REL_CODIGO, TFR_CODIGO, RFI_EXIBE_CSE, RFI_EXIBE_CSA, RFI_EXIBE_COR, RFI_EXIBE_ORG, RFI_EXIBE_SER, RFI_SEQUENCIA, RFI_PARAMETRO, RFI_EXIBE_SUP)
VALUES ('solicitacao_saldo_devedor', 'campo_agendado', '1', '1', '0', '0', '0', '8', NULL, '1');

INSERT INTO tb_relatorio_filtro (REL_CODIGO, TFR_CODIGO, RFI_EXIBE_CSE, RFI_EXIBE_CSA, RFI_EXIBE_COR, RFI_EXIBE_ORG, RFI_EXIBE_SER, RFI_SEQUENCIA, RFI_PARAMETRO, RFI_EXIBE_SUP)
VALUES ('solicitacao_saldo_devedor', 'campo_tipo_agendamento', '1', '1', '0', '0', '0', '9', NULL, '1');

INSERT INTO tb_relatorio_filtro (REL_CODIGO, TFR_CODIGO, RFI_EXIBE_CSE, RFI_EXIBE_CSA, RFI_EXIBE_COR, RFI_EXIBE_ORG, RFI_EXIBE_SER, RFI_SEQUENCIA, RFI_PARAMETRO, RFI_EXIBE_SUP)
VALUES ('solicitacao_saldo_devedor', 'campo_periodicidade', '1', '1', '0', '0', '0', '10', NULL, '1');

INSERT INTO tb_relatorio_filtro (REL_CODIGO, TFR_CODIGO, RFI_EXIBE_CSE, RFI_EXIBE_CSA, RFI_EXIBE_COR, RFI_EXIBE_ORG, RFI_EXIBE_SER, RFI_SEQUENCIA, RFI_PARAMETRO, RFI_EXIBE_SUP)
VALUES ('solicitacao_saldo_devedor', 'campo_data_execucao', '1', '1', '0', '0', '0', '11', NULL, '1');

INSERT INTO tb_relatorio_filtro (REL_CODIGO, TFR_CODIGO, RFI_EXIBE_CSE, RFI_EXIBE_CSA, RFI_EXIBE_COR, RFI_EXIBE_ORG, RFI_EXIBE_SER, RFI_SEQUENCIA, RFI_PARAMETRO, RFI_EXIBE_SUP)
VALUES ('solicitacao_saldo_devedor', 'campo_formato_relatorio', '1', '1', '0', '0', '0', '12', NULL, '2');


INSERT INTO tb_acesso_recurso (ACR_CODIGO, PAP_CODIGO, FUN_CODIGO, ACR_RECURSO, ACR_PARAMETRO, ACR_OPERACAO, ACR_ATIVO, ACR_BLOQUEIO, ACR_SESSAO, ITM_CODIGO, ACR_FIM_FLUXO, ACR_METODO_HTTP)
VALUES ('16368', '1', '516', '/v3/listarRelatorio', 'tipo', 'solicitacao_saldo_devedor', 1, 'S', 'S', '263', 'N', '2');

INSERT INTO tb_acesso_recurso (ACR_CODIGO, PAP_CODIGO, FUN_CODIGO, ACR_RECURSO, ACR_PARAMETRO, ACR_OPERACAO, ACR_ATIVO, ACR_BLOQUEIO, ACR_SESSAO, ITM_CODIGO, ACR_FIM_FLUXO, ACR_METODO_HTTP)
VALUES ('16369', '1', '516', '/v3/excluirArquivo', 'subtipo', 'solicitacao_saldo_devedor', 1, 'S', 'S', NULL, 'N', '2');

INSERT INTO tb_acesso_recurso (ACR_CODIGO, PAP_CODIGO, FUN_CODIGO, ACR_RECURSO, ACR_PARAMETRO, ACR_OPERACAO, ACR_ATIVO, ACR_BLOQUEIO, ACR_SESSAO, ITM_CODIGO, ACR_FIM_FLUXO, ACR_METODO_HTTP)
VALUES ('16370', '1', '516', '/v3/downloadArquivo', 'subtipo', 'solicitacao_saldo_devedor', 1, 'S', 'S', NULL, 'N', '2');

INSERT INTO tb_acesso_recurso (ACR_CODIGO, PAP_CODIGO, FUN_CODIGO, ACR_RECURSO, ACR_PARAMETRO, ACR_OPERACAO, ACR_ATIVO, ACR_BLOQUEIO, ACR_SESSAO, ITM_CODIGO, ACR_FIM_FLUXO, ACR_METODO_HTTP)
VALUES ('16371', '1', '516', '/v3/executarRelatorio', 'tipoRelatorio', 'solicitacao_saldo_devedor', 1, 'S', 'S', NULL, 'S', '2');

INSERT INTO tb_acesso_recurso (ACR_CODIGO, PAP_CODIGO, FUN_CODIGO, ACR_RECURSO, ACR_PARAMETRO, ACR_OPERACAO, ACR_ATIVO, ACR_BLOQUEIO, ACR_SESSAO, ITM_CODIGO, ACR_FIM_FLUXO, ACR_METODO_HTTP)
VALUES ('16372', '1', '516', '/v3/agendarRelatorio', 'tipo', 'solicitacao_saldo_devedor', 1, 'S', 'S', NULL, 'S', '2');

INSERT INTO tb_acesso_recurso (ACR_CODIGO, PAP_CODIGO, FUN_CODIGO, ACR_RECURSO, ACR_PARAMETRO, ACR_OPERACAO, ACR_ATIVO, ACR_BLOQUEIO, ACR_SESSAO, ITM_CODIGO, ACR_FIM_FLUXO, ACR_METODO_HTTP)
VALUES ('16373', '1', '516', '/v3/cancelarAgendamentoRelatorio', 'tipo', 'solicitacao_saldo_devedor', 1, 'S', 'S', NULL, 'N', '2');


INSERT INTO tb_acesso_recurso (ACR_CODIGO, PAP_CODIGO, FUN_CODIGO, ACR_RECURSO, ACR_PARAMETRO, ACR_OPERACAO, ACR_ATIVO, ACR_BLOQUEIO, ACR_SESSAO, ITM_CODIGO, ACR_FIM_FLUXO, ACR_METODO_HTTP)
VALUES ('16374', '2', '516', '/v3/listarRelatorio', 'tipo', 'solicitacao_saldo_devedor', 1, 'S', 'S', '263', 'N', '2');

INSERT INTO tb_acesso_recurso (ACR_CODIGO, PAP_CODIGO, FUN_CODIGO, ACR_RECURSO, ACR_PARAMETRO, ACR_OPERACAO, ACR_ATIVO, ACR_BLOQUEIO, ACR_SESSAO, ITM_CODIGO, ACR_FIM_FLUXO, ACR_METODO_HTTP)
VALUES ('16375', '2', '516', '/v3/excluirArquivo', 'subtipo', 'solicitacao_saldo_devedor', 1, 'S', 'S', NULL, 'N', '2');

INSERT INTO tb_acesso_recurso (ACR_CODIGO, PAP_CODIGO, FUN_CODIGO, ACR_RECURSO, ACR_PARAMETRO, ACR_OPERACAO, ACR_ATIVO, ACR_BLOQUEIO, ACR_SESSAO, ITM_CODIGO, ACR_FIM_FLUXO, ACR_METODO_HTTP)
VALUES ('16376', '2', '516', '/v3/downloadArquivo', 'subtipo', 'solicitacao_saldo_devedor', 1, 'S', 'S', NULL, 'N', '2');

INSERT INTO tb_acesso_recurso (ACR_CODIGO, PAP_CODIGO, FUN_CODIGO, ACR_RECURSO, ACR_PARAMETRO, ACR_OPERACAO, ACR_ATIVO, ACR_BLOQUEIO, ACR_SESSAO, ITM_CODIGO, ACR_FIM_FLUXO, ACR_METODO_HTTP)
VALUES ('16377', '2', '516', '/v3/executarRelatorio', 'tipoRelatorio', 'solicitacao_saldo_devedor', 1, 'S', 'S', NULL, 'S', '2');

INSERT INTO tb_acesso_recurso (ACR_CODIGO, PAP_CODIGO, FUN_CODIGO, ACR_RECURSO, ACR_PARAMETRO, ACR_OPERACAO, ACR_ATIVO, ACR_BLOQUEIO, ACR_SESSAO, ITM_CODIGO, ACR_FIM_FLUXO, ACR_METODO_HTTP)
VALUES ('16378', '2', '516', '/v3/agendarRelatorio', 'tipo', 'solicitacao_saldo_devedor', 1, 'S', 'S', NULL, 'S', '2');

INSERT INTO tb_acesso_recurso (ACR_CODIGO, PAP_CODIGO, FUN_CODIGO, ACR_RECURSO, ACR_PARAMETRO, ACR_OPERACAO, ACR_ATIVO, ACR_BLOQUEIO, ACR_SESSAO, ITM_CODIGO, ACR_FIM_FLUXO, ACR_METODO_HTTP)
VALUES ('16379', '2', '516', '/v3/cancelarAgendamentoRelatorio', 'tipo', 'solicitacao_saldo_devedor', 1, 'S', 'S', NULL, 'N', '2');


INSERT INTO tb_acesso_recurso (ACR_CODIGO, PAP_CODIGO, FUN_CODIGO, ACR_RECURSO, ACR_PARAMETRO, ACR_OPERACAO, ACR_ATIVO, ACR_BLOQUEIO, ACR_SESSAO, ITM_CODIGO, ACR_FIM_FLUXO, ACR_METODO_HTTP)
VALUES ('16380', '7', '516', '/v3/listarRelatorio', 'tipo', 'solicitacao_saldo_devedor', 1, 'S', 'S', '263', 'N', '2');

INSERT INTO tb_acesso_recurso (ACR_CODIGO, PAP_CODIGO, FUN_CODIGO, ACR_RECURSO, ACR_PARAMETRO, ACR_OPERACAO, ACR_ATIVO, ACR_BLOQUEIO, ACR_SESSAO, ITM_CODIGO, ACR_FIM_FLUXO, ACR_METODO_HTTP)
VALUES ('16381', '7', '516', '/v3/excluirArquivo', 'subtipo', 'solicitacao_saldo_devedor', 1, 'S', 'S', NULL, 'N', '2');

INSERT INTO tb_acesso_recurso (ACR_CODIGO, PAP_CODIGO, FUN_CODIGO, ACR_RECURSO, ACR_PARAMETRO, ACR_OPERACAO, ACR_ATIVO, ACR_BLOQUEIO, ACR_SESSAO, ITM_CODIGO, ACR_FIM_FLUXO, ACR_METODO_HTTP)
VALUES ('16382', '7', '516', '/v3/downloadArquivo', 'subtipo', 'solicitacao_saldo_devedor', 1, 'S', 'S', NULL, 'N', '2');

INSERT INTO tb_acesso_recurso (ACR_CODIGO, PAP_CODIGO, FUN_CODIGO, ACR_RECURSO, ACR_PARAMETRO, ACR_OPERACAO, ACR_ATIVO, ACR_BLOQUEIO, ACR_SESSAO, ITM_CODIGO, ACR_FIM_FLUXO, ACR_METODO_HTTP)
VALUES ('16383', '7', '516', '/v3/executarRelatorio', 'tipoRelatorio', 'solicitacao_saldo_devedor', 1, 'S', 'S', NULL, 'S', '2');

INSERT INTO tb_acesso_recurso (ACR_CODIGO, PAP_CODIGO, FUN_CODIGO, ACR_RECURSO, ACR_PARAMETRO, ACR_OPERACAO, ACR_ATIVO, ACR_BLOQUEIO, ACR_SESSAO, ITM_CODIGO, ACR_FIM_FLUXO, ACR_METODO_HTTP)
VALUES ('16384', '7', '516', '/v3/agendarRelatorio', 'tipo', 'solicitacao_saldo_devedor', 1, 'S', 'S', NULL, 'S', '2');

INSERT INTO tb_acesso_recurso (ACR_CODIGO, PAP_CODIGO, FUN_CODIGO, ACR_RECURSO, ACR_PARAMETRO, ACR_OPERACAO, ACR_ATIVO, ACR_BLOQUEIO, ACR_SESSAO, ITM_CODIGO, ACR_FIM_FLUXO, ACR_METODO_HTTP)
VALUES ('16385', '7', '516', '/v3/cancelarAgendamentoRelatorio', 'tipo', 'solicitacao_saldo_devedor', 1, 'S', 'S', NULL, 'N', '2');
