-- DESENV-20884
INSERT INTO tb_funcao (FUN_CODIGO, GRF_CODIGO, FUN_DESCRICAO, FUN_PERMITE_BLOQUEIO, FUN_EXIGE_TMO, FUN_AUDITAVEL, FUN_RESTRITA_NCA, FUN_EXIGE_SEGUNDA_SENHA_CSE, FUN_EXIGE_SEGUNDA_SENHA_SUP, FUN_EXIGE_SEGUNDA_SENHA_ORG, FUN_EXIGE_SEGUNDA_SENHA_CSA, FUN_EXIGE_SEGUNDA_SENHA_COR)
VALUES ('554', '4', 'Relatório de Saldo Devedor Servidor', 'N', 'N', 'S', 'N', 'N', 'N', 'N', 'N', 'N');

INSERT INTO tb_item_menu (ITM_CODIGO, MNU_CODIGO, ITM_CODIGO_PAI, ITM_DESCRICAO, ITM_ATIVO, ITM_SEQUENCIA)
VALUES ('285', '2', NULL, 'Saldo Devedor do Servidor', 1, 999);

-- INSERT INTO tb_papel_funcao (PAP_CODIGO, FUN_CODIGO) VALUES ('1', '554');
-- INSERT INTO tb_papel_funcao (PAP_CODIGO, FUN_CODIGO) VALUES ('2', '554');
-- INSERT INTO tb_papel_funcao (PAP_CODIGO, FUN_CODIGO) VALUES ('7', '554');

INSERT INTO tb_acesso_recurso (ACR_CODIGO, PAP_CODIGO, FUN_CODIGO, ACR_RECURSO, ACR_PARAMETRO, ACR_OPERACAO, ACR_ATIVO, ACR_BLOQUEIO, ACR_SESSAO, ITM_CODIGO, ACR_FIM_FLUXO, ACR_METODO_HTTP)
VALUES ('16887', '1', '554', '/v3/listarRelatorio', 'tipo', 'saldo_devedor_servidor', 1, 'S', 'S', '285', 'N', '2');

INSERT INTO tb_acesso_recurso (ACR_CODIGO, PAP_CODIGO, FUN_CODIGO, ACR_RECURSO, ACR_PARAMETRO, ACR_OPERACAO, ACR_ATIVO, ACR_BLOQUEIO, ACR_SESSAO, ITM_CODIGO, ACR_FIM_FLUXO, ACR_METODO_HTTP)
VALUES ('16888', '1', '554', '/v3/executarRelatorio', 'tipoRelatorio', 'saldo_devedor_servidor', 1, 'S', 'S', NULL, 'S', '2');

INSERT INTO tb_acesso_recurso (ACR_CODIGO, PAP_CODIGO, FUN_CODIGO, ACR_RECURSO, ACR_PARAMETRO, ACR_OPERACAO, ACR_ATIVO, ACR_BLOQUEIO, ACR_SESSAO, ITM_CODIGO, ACR_FIM_FLUXO, ACR_METODO_HTTP)
VALUES ('16889', '1', '554', '/v3/excluirArquivo', 'subtipo', 'saldo_devedor_servidor', 1, 'S', 'S', NULL, 'N', '2');

INSERT INTO tb_acesso_recurso (ACR_CODIGO, PAP_CODIGO, FUN_CODIGO, ACR_RECURSO, ACR_PARAMETRO, ACR_OPERACAO, ACR_ATIVO, ACR_BLOQUEIO, ACR_SESSAO, ITM_CODIGO, ACR_FIM_FLUXO, ACR_METODO_HTTP)
VALUES ('16890', '1', '554', '/v3/downloadArquivo', 'subtipo', 'saldo_devedor_servidor', 1, 'S', 'S', NULL, 'N', '2');

INSERT INTO tb_acesso_recurso (ACR_CODIGO, PAP_CODIGO, FUN_CODIGO, ACR_RECURSO, ACR_PARAMETRO, ACR_OPERACAO, ACR_ATIVO, ACR_BLOQUEIO, ACR_SESSAO, ITM_CODIGO, ACR_FIM_FLUXO, ACR_METODO_HTTP)
VALUES ('16891', '1', '554', '/v3/agendarRelatorio', 'tipo', 'saldo_devedor_servidor', 1, 'S', 'S', NULL, 'S', '2');

INSERT INTO tb_acesso_recurso (ACR_CODIGO, PAP_CODIGO, FUN_CODIGO, ACR_RECURSO, ACR_PARAMETRO, ACR_OPERACAO, ACR_ATIVO, ACR_BLOQUEIO, ACR_SESSAO, ITM_CODIGO, ACR_FIM_FLUXO, ACR_METODO_HTTP)
VALUES ('16892', '1', '554', '/v3/cancelarAgendamentoRelatorio', 'tipo', 'saldo_devedor_servidor', 1, 'S', 'S', NULL, 'N', '2');

INSERT INTO tb_acesso_recurso (ACR_CODIGO, PAP_CODIGO, FUN_CODIGO, ACR_RECURSO, ACR_PARAMETRO, ACR_OPERACAO, ACR_ATIVO, ACR_BLOQUEIO, ACR_SESSAO, ITM_CODIGO, ACR_FIM_FLUXO, ACR_METODO_HTTP)
VALUES ('16893', '2', '554', '/v3/listarRelatorio', 'tipo', 'saldo_devedor_servidor', 1, 'S', 'S', '285', 'N', '2');

INSERT INTO tb_acesso_recurso (ACR_CODIGO, PAP_CODIGO, FUN_CODIGO, ACR_RECURSO, ACR_PARAMETRO, ACR_OPERACAO, ACR_ATIVO, ACR_BLOQUEIO, ACR_SESSAO, ITM_CODIGO, ACR_FIM_FLUXO, ACR_METODO_HTTP)
VALUES ('16894', '2', '554', '/v3/executarRelatorio', 'tipoRelatorio', 'saldo_devedor_servidor', 1, 'S', 'S', NULL, 'S', '2');

INSERT INTO tb_acesso_recurso (ACR_CODIGO, PAP_CODIGO, FUN_CODIGO, ACR_RECURSO, ACR_PARAMETRO, ACR_OPERACAO, ACR_ATIVO, ACR_BLOQUEIO, ACR_SESSAO, ITM_CODIGO, ACR_FIM_FLUXO, ACR_METODO_HTTP)
VALUES ('16895', '2', '554', '/v3/excluirArquivo', 'subtipo', 'saldo_devedor_servidor', 1, 'S', 'S', NULL, 'N', '2');

INSERT INTO tb_acesso_recurso (ACR_CODIGO, PAP_CODIGO, FUN_CODIGO, ACR_RECURSO, ACR_PARAMETRO, ACR_OPERACAO, ACR_ATIVO, ACR_BLOQUEIO, ACR_SESSAO, ITM_CODIGO, ACR_FIM_FLUXO, ACR_METODO_HTTP)
VALUES ('16896', '2', '554', '/v3/downloadArquivo', 'subtipo', 'saldo_devedor_servidor', 1, 'S', 'S', NULL, 'N', '2');

INSERT INTO tb_acesso_recurso (ACR_CODIGO, PAP_CODIGO, FUN_CODIGO, ACR_RECURSO, ACR_PARAMETRO, ACR_OPERACAO, ACR_ATIVO, ACR_BLOQUEIO, ACR_SESSAO, ITM_CODIGO, ACR_FIM_FLUXO, ACR_METODO_HTTP)
VALUES ('16897', '2', '554', '/v3/agendarRelatorio', 'tipo', 'saldo_devedor_servidor', 1, 'S', 'S', NULL, 'S', '2');

INSERT INTO tb_acesso_recurso (ACR_CODIGO, PAP_CODIGO, FUN_CODIGO, ACR_RECURSO, ACR_PARAMETRO, ACR_OPERACAO, ACR_ATIVO, ACR_BLOQUEIO, ACR_SESSAO, ITM_CODIGO, ACR_FIM_FLUXO, ACR_METODO_HTTP)
VALUES ('16898', '2', '554', '/v3/cancelarAgendamentoRelatorio', 'tipo', 'saldo_devedor_servidor', 1, 'S', 'S', NULL, 'N', '2');

INSERT INTO tb_acesso_recurso (ACR_CODIGO, PAP_CODIGO, FUN_CODIGO, ACR_RECURSO, ACR_PARAMETRO, ACR_OPERACAO, ACR_ATIVO, ACR_BLOQUEIO, ACR_SESSAO, ITM_CODIGO, ACR_FIM_FLUXO, ACR_METODO_HTTP)
VALUES ('16899', '7', '554', '/v3/listarRelatorio', 'tipo', 'saldo_devedor_servidor', 1, 'S', 'S', '285', 'N', '2');

INSERT INTO tb_acesso_recurso (ACR_CODIGO, PAP_CODIGO, FUN_CODIGO, ACR_RECURSO, ACR_PARAMETRO, ACR_OPERACAO, ACR_ATIVO, ACR_BLOQUEIO, ACR_SESSAO, ITM_CODIGO, ACR_FIM_FLUXO, ACR_METODO_HTTP)
VALUES ('16900', '7', '554', '/v3/executarRelatorio', 'tipoRelatorio', 'saldo_devedor_servidor', 1, 'S', 'S', NULL, 'S', '2');

INSERT INTO tb_acesso_recurso (ACR_CODIGO, PAP_CODIGO, FUN_CODIGO, ACR_RECURSO, ACR_PARAMETRO, ACR_OPERACAO, ACR_ATIVO, ACR_BLOQUEIO, ACR_SESSAO, ITM_CODIGO, ACR_FIM_FLUXO, ACR_METODO_HTTP)
VALUES ('16901', '7', '554', '/v3/excluirArquivo', 'subtipo', 'saldo_devedor_servidor', 1, 'S', 'S', NULL, 'N', '2');

INSERT INTO tb_acesso_recurso (ACR_CODIGO, PAP_CODIGO, FUN_CODIGO, ACR_RECURSO, ACR_PARAMETRO, ACR_OPERACAO, ACR_ATIVO, ACR_BLOQUEIO, ACR_SESSAO, ITM_CODIGO, ACR_FIM_FLUXO, ACR_METODO_HTTP)
VALUES ('16902', '7', '554', '/v3/downloadArquivo', 'subtipo', 'saldo_devedor_servidor', 1, 'S', 'S', NULL, 'N', '2');

INSERT INTO tb_acesso_recurso (ACR_CODIGO, PAP_CODIGO, FUN_CODIGO, ACR_RECURSO, ACR_PARAMETRO, ACR_OPERACAO, ACR_ATIVO, ACR_BLOQUEIO, ACR_SESSAO, ITM_CODIGO, ACR_FIM_FLUXO, ACR_METODO_HTTP)
VALUES ('16903', '7', '554', '/v3/agendarRelatorio', 'tipo', 'saldo_devedor_servidor', 1, 'S', 'S', NULL, 'S', '2');

INSERT INTO tb_acesso_recurso (ACR_CODIGO, PAP_CODIGO, FUN_CODIGO, ACR_RECURSO, ACR_PARAMETRO, ACR_OPERACAO, ACR_ATIVO, ACR_BLOQUEIO, ACR_SESSAO, ITM_CODIGO, ACR_FIM_FLUXO, ACR_METODO_HTTP)
VALUES ('16904', '7', '554', '/v3/cancelarAgendamentoRelatorio', 'tipo', 'saldo_devedor_servidor', 1, 'S', 'S', NULL, 'N', '2');


INSERT INTO tb_relatorio (REL_CODIGO, FUN_CODIGO, TAG_CODIGO, REL_TITULO, REL_ATIVO, REL_AGENDADO, REL_CLASSE_RELATORIO, REL_CLASSE_PROCESSO, REL_CLASSE_AGENDAMENTO, REL_TEMPLATE_JASPER, REL_TEMPLATE_DINAMICO, REL_TEMPLATE_SUBRELATORIO, REL_TEMPLATE_SQL, REL_QTD_DIAS_LIMPEZA, REL_CUSTOMIZADO, REL_AGRUPAMENTO)
VALUES ('saldo_devedor_servidor', '554', NULL, 'Relatório de Saldo Devedor Servidor', 1, 'N', 'com.zetra.econsig.report.reports.RelatorioSaldoDevedorServidor', 'com.zetra.econsig.job.process.ProcessaRelatorioSaldoDevedorServidor', NULL, 'SaldoDevedorServidor.jasper', NULL, NULL, NULL, 30, 'N', NULL);

INSERT INTO tb_tipo_filtro_relatorio (TFR_CODIGO, TFR_DESCRICAO, TFR_RECURSO, TFR_EXIBE_EDICAO)
VALUES ('campo_csa_saldo_devedor_servidor', 'Consignatária', '/relatorios/campos_relatorio/campo_csa_saldo_devedor_servidor.jsp', 'N');

INSERT INTO tb_tipo_filtro_relatorio (TFR_CODIGO, TFR_DESCRICAO, TFR_RECURSO, TFR_EXIBE_EDICAO)
VALUES ('campo_matricula_multiplo', 'Matrículas', '/relatorios/campos_relatorio/campo_matricula_multiplo.jsp', 'N');

INSERT INTO tb_tipo_filtro_relatorio (TFR_CODIGO, TFR_DESCRICAO, TFR_RECURSO, TFR_EXIBE_EDICAO)
VALUES ('campo_cpf_multiplo', 'CPF', '/relatorios/campos_relatorio/campo_cpf_multiplo.jsp', 'N');

INSERT INTO tb_relatorio_filtro (REL_CODIGO, TFR_CODIGO, RFI_EXIBE_CSE, RFI_EXIBE_CSA, RFI_EXIBE_COR, RFI_EXIBE_ORG, RFI_EXIBE_SER, RFI_SEQUENCIA, RFI_PARAMETRO, RFI_EXIBE_SUP)
VALUES ('saldo_devedor_servidor', 'campo_csa_saldo_devedor_servidor', '2', '2', '0', '0', '0', 1, NULL, '2');

INSERT INTO tb_relatorio_filtro (REL_CODIGO, TFR_CODIGO, RFI_EXIBE_CSE, RFI_EXIBE_CSA, RFI_EXIBE_COR, RFI_EXIBE_ORG, RFI_EXIBE_SER, RFI_SEQUENCIA, RFI_PARAMETRO, RFI_EXIBE_SUP)
VALUES ('saldo_devedor_servidor', 'campo_data_inicio_fim', '1', '1', '0', '0', '0', 2, NULL, '1');

INSERT INTO tb_relatorio_filtro (REL_CODIGO, TFR_CODIGO, RFI_EXIBE_CSE, RFI_EXIBE_CSA, RFI_EXIBE_COR, RFI_EXIBE_ORG, RFI_EXIBE_SER, RFI_SEQUENCIA, RFI_PARAMETRO, RFI_EXIBE_SUP)
VALUES ('saldo_devedor_servidor', 'campo_matricula_multiplo', '1', '1', '0', '0', '0', 3, NULL, '1');

INSERT INTO tb_relatorio_filtro (REL_CODIGO, TFR_CODIGO, RFI_EXIBE_CSE, RFI_EXIBE_CSA, RFI_EXIBE_COR, RFI_EXIBE_ORG, RFI_EXIBE_SER, RFI_SEQUENCIA, RFI_PARAMETRO, RFI_EXIBE_SUP)
VALUES ('saldo_devedor_servidor', 'campo_cpf_multiplo', '1', '1', '0', '0', '0', 4, NULL, '1');

INSERT INTO tb_relatorio_filtro (REL_CODIGO, TFR_CODIGO, RFI_EXIBE_CSE, RFI_EXIBE_CSA, RFI_EXIBE_COR, RFI_EXIBE_ORG, RFI_EXIBE_SER, RFI_SEQUENCIA, RFI_PARAMETRO, RFI_EXIBE_SUP)
VALUES ('saldo_devedor_servidor', 'campo_agendado', '1', '1', '0', '0', '0', 5, NULL, '1');

INSERT INTO tb_relatorio_filtro (REL_CODIGO, TFR_CODIGO, RFI_EXIBE_CSE, RFI_EXIBE_CSA, RFI_EXIBE_COR, RFI_EXIBE_ORG, RFI_EXIBE_SER, RFI_SEQUENCIA, RFI_PARAMETRO, RFI_EXIBE_SUP)
VALUES ('saldo_devedor_servidor', 'campo_data_execucao', '1', '1', '0', '0', '0', 6, NULL, '1');

INSERT INTO tb_relatorio_filtro (REL_CODIGO, TFR_CODIGO, RFI_EXIBE_CSE, RFI_EXIBE_CSA, RFI_EXIBE_COR, RFI_EXIBE_ORG, RFI_EXIBE_SER, RFI_SEQUENCIA, RFI_PARAMETRO, RFI_EXIBE_SUP)
VALUES ('saldo_devedor_servidor', 'campo_envio_email', '1', '1', '0', '0', '0', 7, NULL, '1');

INSERT INTO tb_relatorio_filtro (REL_CODIGO, TFR_CODIGO, RFI_EXIBE_CSE, RFI_EXIBE_CSA, RFI_EXIBE_COR, RFI_EXIBE_ORG, RFI_EXIBE_SER, RFI_SEQUENCIA, RFI_PARAMETRO, RFI_EXIBE_SUP)
VALUES ('saldo_devedor_servidor', 'campo_periodicidade', '1', '1', '0', '0', '0', 8, NULL, '1');

INSERT INTO tb_relatorio_filtro (REL_CODIGO, TFR_CODIGO, RFI_EXIBE_CSE, RFI_EXIBE_CSA, RFI_EXIBE_COR, RFI_EXIBE_ORG, RFI_EXIBE_SER, RFI_SEQUENCIA, RFI_PARAMETRO, RFI_EXIBE_SUP)
VALUES ('saldo_devedor_servidor', 'campo_tipo_agendamento', '1', '1', '0', '0', '0', 9, NULL, '1');

INSERT INTO tb_relatorio_filtro (REL_CODIGO, TFR_CODIGO, RFI_EXIBE_CSE, RFI_EXIBE_CSA, RFI_EXIBE_COR, RFI_EXIBE_ORG, RFI_EXIBE_SER, RFI_SEQUENCIA, RFI_PARAMETRO, RFI_EXIBE_SUP)
VALUES ('saldo_devedor_servidor', 'campo_formato_relatorio', '2', '2', '0', '0', '0', 10, NULL, '2');

