-- DESENV-13700
INSERT INTO tb_funcao (FUN_CODIGO, GRF_CODIGO, FUN_DESCRICAO, FUN_PERMITE_BLOQUEIO, FUN_EXIGE_TMO, FUN_AUDITAVEL, FUN_RESTRITA_NCA, FUN_EXIGE_SEGUNDA_SENHA_SUP, FUN_EXIGE_SEGUNDA_SENHA_CSE, FUN_EXIGE_SEGUNDA_SENHA_ORG, FUN_EXIGE_SEGUNDA_SENHA_CSA, FUN_EXIGE_SEGUNDA_SENHA_COR) 
VALUES ('478', '7', 'Consultar Parâmetros de Órgão', 'N', 'N', 'N', 'N', 'N', 'N', 'N', 'N', 'N');

INSERT INTO tb_funcao (FUN_CODIGO, GRF_CODIGO, FUN_DESCRICAO, FUN_PERMITE_BLOQUEIO, FUN_EXIGE_TMO, FUN_AUDITAVEL, FUN_RESTRITA_NCA, FUN_EXIGE_SEGUNDA_SENHA_SUP, FUN_EXIGE_SEGUNDA_SENHA_CSE, FUN_EXIGE_SEGUNDA_SENHA_ORG, FUN_EXIGE_SEGUNDA_SENHA_CSA, FUN_EXIGE_SEGUNDA_SENHA_COR) 
VALUES ('479', '7', 'Editar Parâmetros de Órgão', 'N', 'N', 'S', 'N', 'N', 'N', 'N', 'N', 'N');

-- INSERT INTO tb_papel_funcao (FUN_CODIGO, PAP_CODIGO) VALUES ('478', '1'),('478', '3'),('478', '7');
-- INSERT INTO tb_papel_funcao (FUN_CODIGO, PAP_CODIGO) VALUES ('479', '1'),('479', '3'),('479', '7');

INSERT INTO tb_acesso_recurso (ACR_CODIGO, PAP_CODIGO, FUN_CODIGO, ACR_RECURSO, ACR_PARAMETRO, ACR_OPERACAO, ACR_ATIVO, ACR_BLOQUEIO, ACR_SESSAO, ITM_CODIGO, ACR_FIM_FLUXO, ACR_METODO_HTTP) 
VALUES ('15678', '1', '478', '/v3/manterParamOrgao', 'acao', 'iniciar', 1, 'S', 'S', NULL, 'N', '2');

INSERT INTO tb_acesso_recurso (ACR_CODIGO, PAP_CODIGO, FUN_CODIGO, ACR_RECURSO, ACR_PARAMETRO, ACR_OPERACAO, ACR_ATIVO, ACR_BLOQUEIO, ACR_SESSAO, ITM_CODIGO, ACR_FIM_FLUXO, ACR_METODO_HTTP) 
VALUES ('15679', '1', '479', '/v3/manterParamOrgao', 'acao', 'salvar', 1, 'S', 'S', NULL, 'S', '2');

INSERT INTO tb_acesso_recurso (ACR_CODIGO, PAP_CODIGO, FUN_CODIGO, ACR_RECURSO, ACR_PARAMETRO, ACR_OPERACAO, ACR_ATIVO, ACR_BLOQUEIO, ACR_SESSAO, ITM_CODIGO, ACR_FIM_FLUXO, ACR_METODO_HTTP) 
VALUES ('15680', '3', '478', '/v3/manterParamOrgao', 'acao', 'iniciar', 1, 'S', 'S', NULL, 'N', '2');

INSERT INTO tb_acesso_recurso (ACR_CODIGO, PAP_CODIGO, FUN_CODIGO, ACR_RECURSO, ACR_PARAMETRO, ACR_OPERACAO, ACR_ATIVO, ACR_BLOQUEIO, ACR_SESSAO, ITM_CODIGO, ACR_FIM_FLUXO, ACR_METODO_HTTP) 
VALUES ('15681', '3', '479', '/v3/manterParamOrgao', 'acao', 'salvar', 1, 'S', 'S', NULL, 'S', '2');

INSERT INTO tb_acesso_recurso (ACR_CODIGO, PAP_CODIGO, FUN_CODIGO, ACR_RECURSO, ACR_PARAMETRO, ACR_OPERACAO, ACR_ATIVO, ACR_BLOQUEIO, ACR_SESSAO, ITM_CODIGO, ACR_FIM_FLUXO, ACR_METODO_HTTP) 
VALUES ('15682', '7', '478', '/v3/manterParamOrgao', 'acao', 'iniciar', 1, 'S', 'S', NULL, 'N', '2');

INSERT INTO tb_acesso_recurso (ACR_CODIGO, PAP_CODIGO, FUN_CODIGO, ACR_RECURSO, ACR_PARAMETRO, ACR_OPERACAO, ACR_ATIVO, ACR_BLOQUEIO, ACR_SESSAO, ITM_CODIGO, ACR_FIM_FLUXO, ACR_METODO_HTTP) 
VALUES ('15683', '7', '479', '/v3/manterParamOrgao', 'acao', 'salvar', 1, 'S', 'S', NULL, 'S', '2');

INSERT INTO tb_tipo_entidade (TEN_CODIGO, TEN_DESCRICAO, TEN_AUDITORIA, TEN_CAMPO_ENT_00, TEN_CAMPO_ENT_01)
VALUES ('115', 'Parâmetros de Órgão', 0, 'TAO_CODIGO', 'ORG_CODIGO');
