-- DESENV-12079
INSERT INTO tb_funcao (FUN_CODIGO, GRF_CODIGO, FUN_DESCRICAO, FUN_PERMITE_BLOQUEIO, FUN_EXIGE_TMO, FUN_AUDITAVEL, FUN_RESTRITA_NCA, FUN_EXIGE_SEGUNDA_SENHA_SUP, FUN_EXIGE_SEGUNDA_SENHA_CSE, FUN_EXIGE_SEGUNDA_SENHA_ORG, FUN_EXIGE_SEGUNDA_SENHA_CSA, FUN_EXIGE_SEGUNDA_SENHA_COR) VALUES ('464', '4', 'Relatório Termo de Uso e Privacidade', 'N', 'N', 'S', 'N', 'N', 'N', 'N', 'N', 'N');

-- INSERT INTO tb_papel_funcao (pap_codigo, fun_codigo) VALUES ('1', '464'), ('7', '464');

INSERT INTO tb_relatorio (REL_CODIGO, FUN_CODIGO, TAG_CODIGO, REL_TITULO, REL_ATIVO, REL_AGENDADO, REL_CLASSE_RELATORIO, REL_CLASSE_PROCESSO, REL_CLASSE_AGENDAMENTO, REL_TEMPLATE_JASPER, REL_TEMPLATE_DINAMICO, REL_TEMPLATE_SUBRELATORIO, REL_TEMPLATE_SQL, REL_QTD_DIAS_LIMPEZA, REL_CUSTOMIZADO, REL_AGRUPAMENTO) VALUES ('termo_uso_privacidade', '464', NULL, 'Relatório Termo de Uso e Privacidade', '1', 'N', 'com.zetra.report.reports.RelatorioTermoUsoPrivacidade', 'com.zetra.processamento.ProcessaRelatorioTermoUsoPrivacidade', NULL, 'TermoPrivacidade.jasper', 'TermoPrivacidade_model.jrxml', 'CHART-GRID.jasper, CHART-GRID-LINE.jasper', NULL, 30, 'N', NULL);

INSERT tb_tipo_filtro_relatorio (TFR_CODIGO, TFR_DESCRICAO, TFR_RECURSO, TFR_EXIBE_EDICAO) VALUES ('campo_termo_privacidade', 'Documentos Aceitos', '/relatorios/campos_relatorio/campo_termo_privacidade.jsp', 'N');
INSERT tb_tipo_filtro_relatorio (TFR_CODIGO, TFR_DESCRICAO, TFR_RECURSO, TFR_EXIBE_EDICAO) VALUES ('campo_web_mobile', 'Confirmação via', '/relatorios/campos_relatorio/campo_web_mobile.jsp', 'N');
INSERT tb_tipo_filtro_relatorio (TFR_CODIGO, TFR_DESCRICAO, TFR_RECURSO, TFR_EXIBE_EDICAO) VALUES ('campo_papel_usuario', 'Papel do Usuário', '/relatorios/campos_relatorio/campo_papel_usuario.jsp', 'N');

INSERT tb_relatorio_filtro (REL_CODIGO, TFR_CODIGO, RFI_EXIBE_CSE, RFI_EXIBE_CSA, RFI_EXIBE_COR, RFI_EXIBE_ORG, RFI_EXIBE_SER, RFI_SEQUENCIA, RFI_PARAMETRO, RFI_EXIBE_SUP) VALUES ('termo_uso_privacidade', 'campo_data_inicio_fim', '1', '0', '0', '0', '0', '0', NULL, '1');
INSERT tb_relatorio_filtro (REL_CODIGO, TFR_CODIGO, RFI_EXIBE_CSE, RFI_EXIBE_CSA, RFI_EXIBE_COR, RFI_EXIBE_ORG, RFI_EXIBE_SER, RFI_SEQUENCIA, RFI_PARAMETRO, RFI_EXIBE_SUP) VALUES ('termo_uso_privacidade', 'campo_papel_usuario', '1', '0', '0', '0', '0', '1', NULL, '1');
INSERT tb_relatorio_filtro (REL_CODIGO, TFR_CODIGO, RFI_EXIBE_CSE, RFI_EXIBE_CSA, RFI_EXIBE_COR, RFI_EXIBE_ORG, RFI_EXIBE_SER, RFI_SEQUENCIA, RFI_PARAMETRO, RFI_EXIBE_SUP) VALUES ('termo_uso_privacidade', 'campo_termo_privacidade', '2', '0', '0', '0', '0', '2', NULL, '2');
INSERT tb_relatorio_filtro (REL_CODIGO, TFR_CODIGO, RFI_EXIBE_CSE, RFI_EXIBE_CSA, RFI_EXIBE_COR, RFI_EXIBE_ORG, RFI_EXIBE_SER, RFI_SEQUENCIA, RFI_PARAMETRO, RFI_EXIBE_SUP) VALUES ('termo_uso_privacidade', 'campo_web_mobile', '2', '0', '0', '0', '0', '3', NULL, '2');
INSERT tb_relatorio_filtro (REL_CODIGO, TFR_CODIGO, RFI_EXIBE_CSE, RFI_EXIBE_CSA, RFI_EXIBE_COR, RFI_EXIBE_ORG, RFI_EXIBE_SER, RFI_SEQUENCIA, RFI_PARAMETRO, RFI_EXIBE_SUP) VALUES ('termo_uso_privacidade', 'campo_agendado', '1', '0', '0', '0', '0', '4', NULL, '1');
INSERT tb_relatorio_filtro (REL_CODIGO, TFR_CODIGO, RFI_EXIBE_CSE, RFI_EXIBE_CSA, RFI_EXIBE_COR, RFI_EXIBE_ORG, RFI_EXIBE_SER, RFI_SEQUENCIA, RFI_PARAMETRO, RFI_EXIBE_SUP) VALUES ('termo_uso_privacidade', 'campo_data_execucao', '1', '0', '0', '0', '0', '5', NULL, '1');
INSERT tb_relatorio_filtro (REL_CODIGO, TFR_CODIGO, RFI_EXIBE_CSE, RFI_EXIBE_CSA, RFI_EXIBE_COR, RFI_EXIBE_ORG, RFI_EXIBE_SER, RFI_SEQUENCIA, RFI_PARAMETRO, RFI_EXIBE_SUP) VALUES ('termo_uso_privacidade', 'campo_tipo_agendamento', '1', '0', '0', '0', '0', '6', NULL, '1');
INSERT tb_relatorio_filtro (REL_CODIGO, TFR_CODIGO, RFI_EXIBE_CSE, RFI_EXIBE_CSA, RFI_EXIBE_COR, RFI_EXIBE_ORG, RFI_EXIBE_SER, RFI_SEQUENCIA, RFI_PARAMETRO, RFI_EXIBE_SUP) VALUES ('termo_uso_privacidade', 'campo_periodicidade', '1', '0', '0', '0', '0', '7', NULL, '1');
INSERT tb_relatorio_filtro (REL_CODIGO, TFR_CODIGO, RFI_EXIBE_CSE, RFI_EXIBE_CSA, RFI_EXIBE_COR, RFI_EXIBE_ORG, RFI_EXIBE_SER, RFI_SEQUENCIA, RFI_PARAMETRO, RFI_EXIBE_SUP) VALUES ('termo_uso_privacidade', 'campo_envio_email', '1', '0', '0', '0', '0', '8', NULL, '1');
INSERT tb_relatorio_filtro (REL_CODIGO, TFR_CODIGO, RFI_EXIBE_CSE, RFI_EXIBE_CSA, RFI_EXIBE_COR, RFI_EXIBE_ORG, RFI_EXIBE_SER, RFI_SEQUENCIA, RFI_PARAMETRO, RFI_EXIBE_SUP) VALUES ('termo_uso_privacidade', 'campo_formato_relatorio', '2', '0', '0', '0', '0', '9', NULL, '2');

INSERT INTO tb_item_menu (ITM_CODIGO, MNU_CODIGO, TEX_CHAVE, ITM_CODIGO_PAI, ITM_DESCRICAO, ITM_ATIVO, ITM_SEQUENCIA, ITM_SEPARADOR, ITM_CENTRALIZADOR, ITM_IMAGEM) VALUES ('229', '2', NULL, NULL, 'Termo de Uso e Privacidade', 1, 71, 'S', 'S', NULL);

INSERT INTO tb_acesso_recurso (ACR_CODIGO, PAP_CODIGO, FUN_CODIGO, ACR_RECURSO, ACR_PARAMETRO, ACR_OPERACAO, ACR_ATIVO, ACR_BLOQUEIO, ACR_SESSAO, ITM_CODIGO, ACR_FIM_FLUXO, ACR_METODO_HTTP) VALUES ('15277', '1', '464', '/v3/listarRelatorio', 'tipo', 'termo_uso_privacidade', '1', 'S', 'S', '229', 'N', '2');
INSERT INTO tb_acesso_recurso (ACR_CODIGO, PAP_CODIGO, FUN_CODIGO, ACR_RECURSO, ACR_PARAMETRO, ACR_OPERACAO, ACR_ATIVO, ACR_BLOQUEIO, ACR_SESSAO, ITM_CODIGO, ACR_FIM_FLUXO, ACR_METODO_HTTP) VALUES ('15278', '1', '464', '/v3/excluirArquivo', 'subtipo', 'termo_uso_privacidade', '1', 'S', 'S', NULL, 'N', '2');
INSERT INTO tb_acesso_recurso (ACR_CODIGO, PAP_CODIGO, FUN_CODIGO, ACR_RECURSO, ACR_PARAMETRO, ACR_OPERACAO, ACR_ATIVO, ACR_BLOQUEIO, ACR_SESSAO, ITM_CODIGO, ACR_FIM_FLUXO, ACR_METODO_HTTP) VALUES ('15279', '1', '464', '/v3/downloadArquivo', 'subtipo', 'termo_uso_privacidade', '1', 'S', 'S', NULL, 'N', '2');
INSERT INTO tb_acesso_recurso (ACR_CODIGO, PAP_CODIGO, FUN_CODIGO, ACR_RECURSO, ACR_PARAMETRO, ACR_OPERACAO, ACR_ATIVO, ACR_BLOQUEIO, ACR_SESSAO, ITM_CODIGO, ACR_FIM_FLUXO, ACR_METODO_HTTP) VALUES ('15280', '1', '464', '/v3/executarRelatorio', 'tipoRelatorio', 'termo_uso_privacidade', '1', 'S', 'S', NULL, 'S', '2');
INSERT INTO tb_acesso_recurso (ACR_CODIGO, PAP_CODIGO, FUN_CODIGO, ACR_RECURSO, ACR_PARAMETRO, ACR_OPERACAO, ACR_ATIVO, ACR_BLOQUEIO, ACR_SESSAO, ITM_CODIGO, ACR_FIM_FLUXO, ACR_METODO_HTTP) VALUES ('15281', '1', '464', '/v3/agendarRelatorio', 'tipo', 'termo_uso_privacidade', '1', 'S', 'S', NULL, 'N', '2');
INSERT INTO tb_acesso_recurso (ACR_CODIGO, PAP_CODIGO, FUN_CODIGO, ACR_RECURSO, ACR_PARAMETRO, ACR_OPERACAO, ACR_ATIVO, ACR_BLOQUEIO, ACR_SESSAO, ITM_CODIGO, ACR_FIM_FLUXO, ACR_METODO_HTTP) VALUES ('15282', '1', '464', '/v3/cancelarAgendamentoRelatorio', 'tipo', 'termo_uso_privacidade', '1', 'S', 'S', NULL, 'N', '2');

INSERT INTO tb_acesso_recurso (ACR_CODIGO, PAP_CODIGO, FUN_CODIGO, ACR_RECURSO, ACR_PARAMETRO, ACR_OPERACAO, ACR_ATIVO, ACR_BLOQUEIO, ACR_SESSAO, ITM_CODIGO, ACR_FIM_FLUXO, ACR_METODO_HTTP) VALUES ('15283', '7', '464', '/v3/listarRelatorio', 'tipo', 'termo_uso_privacidade', '1', 'S', 'S', '229', 'N', '2');
INSERT INTO tb_acesso_recurso (ACR_CODIGO, PAP_CODIGO, FUN_CODIGO, ACR_RECURSO, ACR_PARAMETRO, ACR_OPERACAO, ACR_ATIVO, ACR_BLOQUEIO, ACR_SESSAO, ITM_CODIGO, ACR_FIM_FLUXO, ACR_METODO_HTTP) VALUES ('15284', '7', '464', '/v3/excluirArquivo', 'subtipo', 'termo_uso_privacidade', '1', 'S', 'S', NULL, 'N', '2');
INSERT INTO tb_acesso_recurso (ACR_CODIGO, PAP_CODIGO, FUN_CODIGO, ACR_RECURSO, ACR_PARAMETRO, ACR_OPERACAO, ACR_ATIVO, ACR_BLOQUEIO, ACR_SESSAO, ITM_CODIGO, ACR_FIM_FLUXO, ACR_METODO_HTTP) VALUES ('15285', '7', '464', '/v3/downloadArquivo', 'subtipo', 'termo_uso_privacidade', '1', 'S', 'S', NULL, 'N', '2');
INSERT INTO tb_acesso_recurso (ACR_CODIGO, PAP_CODIGO, FUN_CODIGO, ACR_RECURSO, ACR_PARAMETRO, ACR_OPERACAO, ACR_ATIVO, ACR_BLOQUEIO, ACR_SESSAO, ITM_CODIGO, ACR_FIM_FLUXO, ACR_METODO_HTTP) VALUES ('15286', '7', '464', '/v3/executarRelatorio', 'tipoRelatorio', 'termo_uso_privacidade', '1', 'S', 'S', NULL, 'S', '2');
INSERT INTO tb_acesso_recurso (ACR_CODIGO, PAP_CODIGO, FUN_CODIGO, ACR_RECURSO, ACR_PARAMETRO, ACR_OPERACAO, ACR_ATIVO, ACR_BLOQUEIO, ACR_SESSAO, ITM_CODIGO, ACR_FIM_FLUXO, ACR_METODO_HTTP) VALUES ('15287', '7', '464', '/v3/agendarRelatorio', 'tipo', 'termo_uso_privacidade', '1', 'S', 'S', NULL, 'N', '2');
INSERT INTO tb_acesso_recurso (ACR_CODIGO, PAP_CODIGO, FUN_CODIGO, ACR_RECURSO, ACR_PARAMETRO, ACR_OPERACAO, ACR_ATIVO, ACR_BLOQUEIO, ACR_SESSAO, ITM_CODIGO, ACR_FIM_FLUXO, ACR_METODO_HTTP) VALUES ('15288', '7', '464', '/v3/cancelarAgendamentoRelatorio', 'tipo', 'termo_uso_privacidade', '1', 'S', 'S', NULL, 'N', '2');
