-- DESENV-8968

-- ITEM MENU
INSERT INTO tb_item_menu (ITM_CODIGO, MNU_CODIGO, ITM_CODIGO_PAI, ITM_DESCRICAO, ITM_ATIVO, ITM_SEQUENCIA, ITM_SEPARADOR)
VALUES ('202', '3', NULL, 'Benefíciários', 1, 33, 'N');

-- FUNÇÕES
INSERT INTO tb_funcao (FUN_CODIGO, GRF_CODIGO, FUN_DESCRICAO, FUN_PERMITE_BLOQUEIO, FUN_EXIGE_TMO, FUN_EXIGE_SEGUNDA_SENHA_CSE, FUN_AUDITAVEL, FUN_RESTRITA_NCA, FUN_EXIGE_SEGUNDA_SENHA_SUP, FUN_EXIGE_SEGUNDA_SENHA_ORG, FUN_EXIGE_SEGUNDA_SENHA_CSA, FUN_EXIGE_SEGUNDA_SENHA_COR)
VALUES ('420', '23', 'Consultar Cadastro de Beneficiários', 'N', 'N', 'N', 'N', 'N', 'N', 'N', 'N', 'N');

INSERT INTO tb_funcao (FUN_CODIGO, GRF_CODIGO, FUN_DESCRICAO, FUN_PERMITE_BLOQUEIO, FUN_EXIGE_TMO, FUN_EXIGE_SEGUNDA_SENHA_CSE, FUN_AUDITAVEL, FUN_RESTRITA_NCA, FUN_EXIGE_SEGUNDA_SENHA_SUP, FUN_EXIGE_SEGUNDA_SENHA_ORG, FUN_EXIGE_SEGUNDA_SENHA_CSA, FUN_EXIGE_SEGUNDA_SENHA_COR)
VALUES ('421', '23', 'Alterar Cadastro de Beneficiários', 'N', 'N', 'N', 'N', 'N', 'N', 'N', 'N', 'N');

-- PAPEL FUNÇÃO
-- INSERT INTO tb_papel_funcao (PAP_CODIGO, FUN_CODIGO) VALUES ('7', '420');
-- INSERT INTO tb_papel_funcao (PAP_CODIGO, FUN_CODIGO) VALUES ('7', '421');

-- INSERT INTO tb_papel_funcao (PAP_CODIGO, FUN_CODIGO) VALUES ('6', '420');
-- INSERT INTO tb_papel_funcao (PAP_CODIGO, FUN_CODIGO) VALUES ('6', '421');

-- ACESSO RECURSOS (SUPORTE)
-- FUNÇÃO 420 (CONSULTAR
INSERT INTO tb_acesso_recurso (ACR_CODIGO, PAP_CODIGO, FUN_CODIGO, ACR_RECURSO, ACR_PARAMETRO, ACR_OPERACAO, ACR_ATIVO, ACR_BLOQUEIO, ACR_SESSAO, ITM_CODIGO, ACR_FIM_FLUXO, ACR_METODO_HTTP)
VALUES ('14871', '7', '420', '/v3/listarBeneficiarios', 'acao', 'iniciar', 1, 'S', 'S', '202', 'N', '2');

INSERT INTO tb_acesso_recurso (ACR_CODIGO, PAP_CODIGO, FUN_CODIGO, ACR_RECURSO, ACR_PARAMETRO, ACR_OPERACAO, ACR_ATIVO, ACR_BLOQUEIO, ACR_SESSAO, ITM_CODIGO, ACR_FIM_FLUXO, ACR_METODO_HTTP)
VALUES ('14872', '7', '420', '/v3/listarBeneficiarios', 'acao', 'pesquisarServidor', 1, 'S', 'S', NULL, 'N', '2');

INSERT INTO tb_acesso_recurso (ACR_CODIGO, PAP_CODIGO, FUN_CODIGO, ACR_RECURSO, ACR_PARAMETRO, ACR_OPERACAO, ACR_ATIVO, ACR_BLOQUEIO, ACR_SESSAO, ITM_CODIGO, ACR_FIM_FLUXO, ACR_METODO_HTTP)
VALUES ('14873', '7', '420', '/v3/listarBeneficiarios', 'acao', 'listar', 1, 'S', 'S', null, 'N', '2');

INSERT INTO tb_acesso_recurso (ACR_CODIGO, PAP_CODIGO, FUN_CODIGO, ACR_RECURSO, ACR_PARAMETRO, ACR_OPERACAO, ACR_ATIVO, ACR_BLOQUEIO, ACR_SESSAO, ITM_CODIGO, ACR_FIM_FLUXO, ACR_METODO_HTTP)
VALUES ('14874', '7', '420', '/v3/listarBeneficiarios', 'acao', 'visualizar', 1, 'S', 'S', NULL, 'S', '2');

-- FUNÇÃO 421 (ALTERAR)  (SUPORTE)
INSERT INTO tb_acesso_recurso (ACR_CODIGO, PAP_CODIGO, FUN_CODIGO, ACR_RECURSO, ACR_PARAMETRO, ACR_OPERACAO, ACR_ATIVO, ACR_BLOQUEIO, ACR_SESSAO, ITM_CODIGO, ACR_FIM_FLUXO, ACR_METODO_HTTP)
VALUES ('14875', '7', '421', '/v3/alterarBeneficiarios', 'acao', 'novo', 1, 'S', 'S', NULL, 'N', '2'); 

INSERT INTO tb_acesso_recurso (ACR_CODIGO, PAP_CODIGO, FUN_CODIGO, ACR_RECURSO, ACR_PARAMETRO, ACR_OPERACAO, ACR_ATIVO, ACR_BLOQUEIO, ACR_SESSAO, ITM_CODIGO, ACR_FIM_FLUXO, ACR_METODO_HTTP)
VALUES ('14876', '7', '421', '/v3/alterarBeneficiarios', 'acao', 'editar', 1, 'S', 'S', NULL, 'N', '2'); 

INSERT INTO tb_acesso_recurso (ACR_CODIGO, PAP_CODIGO, FUN_CODIGO, ACR_RECURSO, ACR_PARAMETRO, ACR_OPERACAO, ACR_ATIVO, ACR_BLOQUEIO, ACR_SESSAO, ITM_CODIGO, ACR_FIM_FLUXO, ACR_METODO_HTTP)
VALUES ('14877', '7', '421', '/v3/alterarBeneficiarios', 'acao', 'excluir', 1, 'S', 'S', NULL, 'S', '2'); 

INSERT INTO tb_acesso_recurso (ACR_CODIGO, PAP_CODIGO, FUN_CODIGO, ACR_RECURSO, ACR_PARAMETRO, ACR_OPERACAO, ACR_ATIVO, ACR_BLOQUEIO, ACR_SESSAO, ITM_CODIGO, ACR_FIM_FLUXO, ACR_METODO_HTTP)
VALUES ('14878', '7', '421', '/v3/alterarBeneficiarios', 'acao', 'salvar', 1, 'S', 'S', NULL, 'S', '2'); 

-- ACESSO RECURSOS (SERVIDOR)
-- FUNÇÃO 420 (CONSULTAR)
INSERT INTO tb_acesso_recurso (ACR_CODIGO, PAP_CODIGO, FUN_CODIGO, ACR_RECURSO, ACR_PARAMETRO, ACR_OPERACAO, ACR_ATIVO, ACR_BLOQUEIO, ACR_SESSAO, ITM_CODIGO, ACR_FIM_FLUXO, ACR_METODO_HTTP)
VALUES ('14879', '6', '420', '/v3/listarBeneficiarios', 'acao', 'listar', 1, 'S', 'S', '202', 'N', '2');

INSERT INTO tb_acesso_recurso (ACR_CODIGO, PAP_CODIGO, FUN_CODIGO, ACR_RECURSO, ACR_PARAMETRO, ACR_OPERACAO, ACR_ATIVO, ACR_BLOQUEIO, ACR_SESSAO, ITM_CODIGO, ACR_FIM_FLUXO, ACR_METODO_HTTP)
VALUES ('14880', '6', '420', '/v3/listarBeneficiarios', 'acao', 'visualizar', 1, 'S', 'S', NULL, 'S', '2');

-- FUNÇÃO 421 (ALTERAR)  (SERVIDOR)
INSERT INTO tb_acesso_recurso (ACR_CODIGO, PAP_CODIGO, FUN_CODIGO, ACR_RECURSO, ACR_PARAMETRO, ACR_OPERACAO, ACR_ATIVO, ACR_BLOQUEIO, ACR_SESSAO, ITM_CODIGO, ACR_FIM_FLUXO, ACR_METODO_HTTP)
VALUES ('14881', '6', '421', '/v3/alterarBeneficiarios', 'acao', 'novo', 1, 'S', 'S', NULL, 'N', '2'); 

INSERT INTO tb_acesso_recurso (ACR_CODIGO, PAP_CODIGO, FUN_CODIGO, ACR_RECURSO, ACR_PARAMETRO, ACR_OPERACAO, ACR_ATIVO, ACR_BLOQUEIO, ACR_SESSAO, ITM_CODIGO, ACR_FIM_FLUXO, ACR_METODO_HTTP)
VALUES ('14882', '6', '421', '/v3/alterarBeneficiarios', 'acao', 'editar', 1, 'S', 'S', NULL, 'N', '2'); 

INSERT INTO tb_acesso_recurso (ACR_CODIGO, PAP_CODIGO, FUN_CODIGO, ACR_RECURSO, ACR_PARAMETRO, ACR_OPERACAO, ACR_ATIVO, ACR_BLOQUEIO, ACR_SESSAO, ITM_CODIGO, ACR_FIM_FLUXO, ACR_METODO_HTTP)
VALUES ('14883', '6', '421', '/v3/alterarBeneficiarios', 'acao', 'excluir', 1, 'S', 'S', NULL, 'S', '2'); 

INSERT INTO tb_acesso_recurso (ACR_CODIGO, PAP_CODIGO, FUN_CODIGO, ACR_RECURSO, ACR_PARAMETRO, ACR_OPERACAO, ACR_ATIVO, ACR_BLOQUEIO, ACR_SESSAO, ITM_CODIGO, ACR_FIM_FLUXO, ACR_METODO_HTTP)
VALUES ('14884', '6', '421', '/v3/alterarBeneficiarios', 'acao', 'salvar', 1, 'S', 'S', NULL, 'S', '2'); 

-- ENTIDADE DO LOG
INSERT INTO tb_tipo_entidade (TEN_CODIGO, TEN_DESCRICAO, TEN_AUDITORIA, TEN_TITULO, TEN_CAMPO_ENT_00, TEN_CAMPO_ENT_01, TEN_CAMPO_ENT_02, TEN_CAMPO_ENT_03, TEN_CAMPO_ENT_04, TEN_CAMPO_ENT_05, TEN_CAMPO_ENT_06, TEN_CAMPO_ENT_07, TEN_CAMPO_ENT_08, TEN_CAMPO_ENT_09, TEN_CAMPO_ENT_10)
VALUES ('107', 'Beneficiário', 0, 'Nome', 'BFC_CODIGO', NULL, NULL, NULL, NULL, NULL, NULL, NULL, NULL, NULL, NULL); 

-- Tipo ocorrência
INSERT INTO tb_tipo_ocorrencia (TOC_CODIGO, TOC_DESCRICAO)
VALUES ('154', 'Exclusão de beneficiário');
